Workbook
Name SegmentaciónDeDatos_age: #N/A
Name SegmentaciónDeDatos_age1: #N/A
Name SegmentaciónDeDatos_country: #N/A
Name SegmentaciónDeDatos_country1: #N/A
Name SegmentaciónDeDatos_headshot_percentage: #N/A

Sheet Introduccion
A1: ¡BIENVENIDOS! El presente trabajo tiene como objetivo realizar un análisis estadístico exhaustivo sobre el rendimiento de jugadores profesionales del videojuego Counter-Strike: Global Offensive (CS:GO), a partir de una base de datos construida con información cuantitativa relevante del entorno competitivo. A lo largo del documento se desarrollan distintos apartados que permiten visualizar, interpretar y segmentar los datos recogidos. Se analiza un conjunto de más de 800 jugadores, considerando variables como la edad, nacionalidad, equipo actual, historial de equipos, y un amplio conjunto de métricas de desempeño individual: muertes, asesinatos, daño por ronda, precisión de disparos a la cabeza, uso de distintos tipos de armas, entre otras. El análisis se apoya en el uso de tablas dinámicas y dashboards interactivos, que permiten identificar patrones, comparaciones y relaciones entre variables. Asimismo, se responde a una serie de preguntas analíticas orientadas a descubrir: • Las edades más frecuentes entre los jugadores profesionales. • Las armas con mayor índice de efectividad. • La relación entre el desempeño individual y los equipos a los que pertenecen los jugadores. El enfoque adoptado busca no solo presentar los datos de forma estructurada, sino también facilitar su interpretación mediante recursos visuales e indicadores clave de desempeño. Este estudio proporciona una base sólida para la comprensión de las dinámicas individuales dentro del ecosistema profesional de CS:GO. Fuente: https://www.kaggle.com/datasets/naumanaarif/csgo-pro-players-dataset https://www.hltv.org/

Sheet DashBoard
B3: Jugadores | E3: Kills | H3: Muertes | K3: Rating | N3: Rifle Kills | Q3: Sniper Kills | T3: Pistol Kills
B5: =GETPIVOTDATA("country",'Tabla dinamica 2'!$H$3) -> 28 | E5: =GETPIVOTDATA("Suma de total_kills",'Tabla dinamica 2'!$A$3) -> 360586 | H5: =GETPIVOTDATA("Suma de total_deaths",'Tabla dinamica 2'!$A$3) -> 342463 | K5: =E5/H5 -> 1.0529196 | N5: =GETPIVOTDATA("Suma de rifle_kills",'Tabla dinamica 1'!$A$5) -> 235098 | Q5: =GETPIVOTDATA("Suma de sniper_kills",'Tabla dinamica 1'!$A$5) -> 32640 | T5: =GETPIVOTDATA("Suma de pistol_kills",'Tabla dinamica 1'!$A$5) -> 62771
Q34: ,

Sheet Tabla dinamica 1
A1: age | B1: (Todas)
A2: nickname | B2: (Todas)
A3: headshot_percentage | B3: (Todas)
A5: Country | B5: Suma de rifle_kills | C5: Suma de sniper_kills | D5: Suma de smg_kills | E5: Suma de pistol_kills | F5: Suma de grenade_kills
A6: China | B6: 235098 | C6: 32640 | D6: 25252 | E6: 62771 | F6: 3801
A7: Total general | B7: 235098 | C7: 32640 | D7: 25252 | E7: 62771 | F7: 3801

Sheet Tabla dinamica 2
A3: Country | B3: Suma de total_kills | C3: Suma de total_deaths | H3: Country | I3: Cantidad de Jugadores
A4: China | B4: 360586 | C4: 342463 | H4: China | I4: 28
A5: Total general | B5: 360586 | C5: 342463 | H5: Total general | I5: 28

Sheet Dashboard 2
D1: Jugadores | H1: KPI
D3: =GETPIVOTDATA("country",'Tabla dinamica 3|4'!$P$18) -> 8 | H3: =GETPIVOTDATA("Suma de KPI",'Tabla dinamica 3|4'!$A$20) -> 28415.224

Sheet Tabla dinamica 3|4
A3: Etiquetas de fila | B3: Suma de KPI | C3: Máx. de KPI2 | D3: Promedio de KPI2 | E3: Mín. de KPI2
A4: Alto | B4: 5152.1579 | C4: 5152.1579 | D4: 5152.1579 | E4: 5152.1579
A5: Bajo | B5: 11520.961 | C5: 3188.9474 | D5: 2880.2401 | E5: 2626.75
A6: Medio | B6: 11742.105 | C6: 4016.1579 | D6: 3914.0351 | E6: 3861.2105
A7: Total general | B7: 28415.224 | C7: 5152.1579 | D7: 3551.903 | E7: 2626.75
P18: Country | Q18: Cantidad de Jugadores
P19: Argentina | Q19: 8
A20: Country | B20: Suma de KPI | C20: Suma de KPI2 | P20: Total general | Q20: 8
A21: Argentina | B21: 28415.224 | C21: 1
A22: Total general | B22: 28415.224

Sheet Preguntas
D1: 3.Variedad de Edad y Promedio
A2: 1. Cantidad de jugadores. | D2: Edad | E2: Cantidad de jugadores con esa edad
A3: 811 | D3: 17 | E3: =COUNTIF(Dataset_original!D2:D812,Preguntas!D3) -> 1
A4: 2. Cantidad de paises y Jugadores que lo representan. | D4: 18 | E4: =COUNTIF(Dataset_original!D3:D813,Preguntas!D4) -> 5
A5: Pais | B5: Cantidad | D5: 19 | E5: =COUNTIF(Dataset_original!D4:D814,Preguntas!D5) -> 15 | G5: 6.Top jugadores por métricas específicas | J5: 9.Cantidad de equipos diferentes
A6: Argentina | B6: =COUNTIF(Dataset_original!E23:E833,Preguntas!A27) -> 16 | D6: 20 | E6: =COUNTIF(Dataset_original!D5:D815,Preguntas!D6) -> 32 | G6: Headshot % (Top 5) | J6: 257
A7: Australia | B7: =COUNTIF(Dataset_original!E48:E858,Preguntas!A52) -> 10 | D7: 21 | E7: =COUNTIF(Dataset_original!D6:D816,Preguntas!D7) -> 44 | G7: Jugador | H7: % Headshots
A8: Belarus | B8: =COUNTIF(Dataset_original!E33:E843,Preguntas!A37) -> 5 | D8: 22 | E8: =COUNTIF(Dataset_original!D7:D817,Preguntas!D8) -> 59 | G8: ScreaM | H8: 68.1% | J8: 10. Jugadores representado al equipo
A9: Belgium | B9: =COUNTIF(Dataset_original!E27:E837,Preguntas!A31) -> 6 | D9: 23 | E9: =COUNTIF(Dataset_original!D8:D818,Preguntas!D9) -> 64 | G9: b1t | H9: 67.9% | J9: Equipo | K9: Cantidad de jugadores
A10: Bosnia and Herzegovina | B10: =COUNTIF(Dataset_original!E19:E829,Preguntas!A23) -> 8 | D10: 24 | E10: =COUNTIF(Dataset_original!D9:D819,Preguntas!D10) -> 84 | G10: grux | H10: 67.1% | J10: No team | K10: =COUNTIF(Tabla2[current_team],Preguntas!J10) -> 297
A11: Brazil | B11: =COUNTIF(Dataset_original!E49:E859,Preguntas!A53) -> 6 | D11: 25 | E11: =COUNTIF(Dataset_original!D10:D820,Preguntas!D11) -> 90 | G11: b0RUP | H11: 63.8% | J11: K23 | K11: =COUNTIF(Tabla2[current_team],Preguntas!J11) -> 3
A12: Bulgaria | B12: =COUNTIF(Dataset_original!E45:E855,Preguntas!A49) -> 53 | D12: 26 | E12: =COUNTIF(Dataset_original!D11:D821,Preguntas!D12) -> 83 | G12: Grus | H12: 63.7% | J12: ex-Maknitude | K12: =COUNTIF(Tabla2[current_team],Preguntas!J12) -> 1
A13: Canada | B13: =COUNTIF(Dataset_original!E41:E851,Preguntas!A45) -> 3 | D13: 27 | E13: =COUNTIF(Dataset_original!D12:D822,Preguntas!D13) -> 73 | J13: Outsiders | K13: =COUNTIF(Tabla2[current_team],Preguntas!J13) -> 5
A14: China | B14: =COUNTIF(Dataset_original!E43:E853,Preguntas!A47) -> 5 | D14: 28 | E14: =COUNTIF(Dataset_original!D13:D823,Preguntas!D14) -> 71 | J14: HAVU | K14: =COUNTIF(Tabla2[current_team],Preguntas!J14) -> 8
A15: Czech Republic | B15: =COUNTIF(Dataset_original!E30:E840,Preguntas!A34) -> 7 | D15: 29 | E15: =COUNTIF(Dataset_original!D14:D824,Preguntas!D15) -> 47 | J15: Nemiga | K15: =COUNTIF(Tabla2[current_team],Preguntas!J15) -> 3
A16: Denmark | B16: =COUNTIF(Dataset_original!E54:E864,Preguntas!A58) -> 1 | D16: 30 | E16: =COUNTIF(Dataset_original!D15:D825,Preguntas!D16) -> 38 | J16: Entropiq | K16: =COUNTIF(Tabla2[current_team],Preguntas!J16) -> 6
A17: Estonia | B17: =COUNTIF(Dataset_original!E31:E841,Preguntas!A35) -> 1 | D17: 31 | E17: =COUNTIF(Dataset_original!D16:D826,Preguntas!D17) -> 28 | G17: 7.Rating más alto | J17: VRTX | K17: =COUNTIF(Tabla2[current_team],Preguntas!J17) -> 2
A18: Finland | B18: =COUNTIF(Dataset_original!E44:E854,Preguntas!A48) -> 9 | D18: 32 | E18: =COUNTIF(Dataset_original!D17:D827,Preguntas!D18) -> 33 | G18: Jugador | H18: Rating | J18: ODDIK | K18: =COUNTIF(Tabla2[current_team],Preguntas!J18) -> 1
A19: France | B19: =COUNTIF(Dataset_original!E47:E857,Preguntas!A51) -> 1 | D19: 33 | E19: =COUNTIF(Dataset_original!D18:D828,Preguntas!D19) -> 15 | G19: ZywOo | H19: 1.32 | J19: Heroic | K19: =COUNTIF(Tabla2[current_team],Preguntas!J19) -> 7
A20: Germany | B20: =COUNTIF(Dataset_original!E46:E856,Preguntas!A50) -> 2 | D20: 34 | E20: =COUNTIF(Dataset_original!D19:D829,Preguntas!D20) -> 13 | G20: sh1ro | H20: 1.26 | J20: cowana | K20: =COUNTIF(Tabla2[current_team],Preguntas!J20) -> 4
A21: Guatemala | B21: =COUNTIF(Dataset_original!E3:E813,Preguntas!A7) -> 44 | D21: 35 | E21: =COUNTIF(Dataset_original!D20:D830,Preguntas!D21) -> 9 | G21: s1mple | H21: 1.25 | J21: HellRaisers | K21: =COUNTIF(Tabla2[current_team],Preguntas!J21) -> 1
A22: Hong Kong | B22: =COUNTIF(Dataset_original!E7:E817,Preguntas!A11) -> 60 | D22: 36 | E22: =COUNTIF(Dataset_original!D21:D831,Preguntas!D22) -> 1 | G22: deko | H22: 1.23 | J22: Cloud9 | K22: =COUNTIF(Tabla2[current_team],Preguntas!J22) -> 5
A23: Hungary | B23: =COUNTIF(Dataset_original!E26:E836,Preguntas!A30) -> 5 | D23: Promedio de edad | E23: =AVERAGE(Dataset_original!D2:D812) -> 25.852035 | G23: blameF | H23: 1.22 | J23: Evil Geniuses | K23: =COUNTIF(Tabla2[current_team],Preguntas!J23) -> 4
A24: Indonesia | B24: =COUNTIF(Dataset_original!E16:E826,Preguntas!A20) -> 25 | J24: MOUZ NXT | K24: =COUNTIF(Tabla2[current_team],Preguntas!J24) -> 3
A25: Israel | B25: =COUNTIF(Dataset_original!E14:E824,Preguntas!A18) -> 26 | D25: 4. Kills promedio por tipo de arma | J25: Enterprise | K25: =COUNTIF(Tabla2[current_team],Preguntas!J25) -> 2
A26: Jordan | B26: =COUNTIF(Dataset_original!E8:E818,Preguntas!A12) -> 23 | D26: Tipo de arma | E26: Promedio por jugador | J26: temp | K26: =COUNTIF(Tabla2[current_team],Preguntas!J26) -> 5
A27: Kazakhstan | B27: =COUNTIF(Dataset_original!E40:E850,Preguntas!A44) -> 10 | D27: Rifle | E27: =AVERAGE(Tabla2[rifle_kills]) -> 9498.5845 | G27: 8. Promedios de Rondas y Mapas jugados | J27: ONET4P | K27: =COUNTIF(Tabla2[current_team],Preguntas!J27) -> 3
A28: Korea | B28: =COUNTIF(Dataset_original!E15:E825,Preguntas!A19) -> 25 | D28: Sniper | E28: =AVERAGE(Tabla2[sniper_kills]) -> 2115.836 | G28: Columna1 | H28: Columna2 | J28: EG.CD | K28: =COUNTIF(Tabla2[current_team],Preguntas!J28) -> 4
A29: Kosovo | B29: =COUNTIF(Dataset_original!E13:E823,Preguntas!A17) -> 6 | D29: Subfusil (SMG) | E29: =AVERAGE(Tabla2[smg_kills]) -> 840.59433 | H29: Promedio | J29: Unique | K29: =COUNTIF(Tabla2[current_team],Preguntas!J29) -> 2
A30: Latvia | B30: =COUNTIF(Dataset_original!E20:E830,Preguntas!A24) -> 2 | D30: Pistola | E30: =AVERAGE(Tabla2[pistol_kills]) -> 2643.2713 | G30: Mapas | H30: =AVERAGE(Tabla2[maps_played]) -> 843.34772 | J30: Corinthians | K30: =COUNTIF(Tabla2[current_team],Preguntas!J30) -> 3
A31: Lithuania | B31: =COUNTIF(Dataset_original!E21:E831,Preguntas!A25) -> 3 | D31: Granada | E31: =AVERAGE(Tabla2[grenade_kills]) -> 197.34895 | G31: Rondas | H31: =AVERAGE(Tabla2[rounds_played]) -> 22172.041 | J31: Endpoint | K31: =COUNTIF(Tabla2[current_team],Preguntas!J31) -> 4
A32: Malaysia | B32: =COUNTIF(Dataset_original!E10:E820,Preguntas!A14) -> 28 | D32: Otros | E32: =AVERAGE(Tabla2[other_kills]) -> 65.076449 | J32: MOUZ | K32: =COUNTIF(Tabla2[current_team],Preguntas!J32) -> 8
A33: Mexico | B33: =COUNTIF(Dataset_original!E9:E819,Preguntas!A13) -> 25 | J33: TeamOne | K33: =COUNTIF(Tabla2[current_team],Preguntas!J33) -> 6
A34: Mongolia | B34: =COUNTIF(Dataset_original!E24:E834,Preguntas!A28) -> 3 | J34: VERTEX | K34: =COUNTIF(Tabla2[current_team],Preguntas!J34) -> 4
A35: Montenegro | B35: =COUNTIF(Dataset_original!E6:E816,Preguntas!A10) -> 2 | D35: 5. Top 5 jugadores por cantidad de kills | J35: BIG | K35: =COUNTIF(Tabla2[current_team],Preguntas!J35) -> 6
A36: Netherlands | B36: =COUNTIF(Dataset_original!E22:E832,Preguntas!A26) -> 1 | D36: Jugador | E36: Kills totales | J36: Complexity | K36: =COUNTIF(Tabla2[current_team],Preguntas!J36) -> 7
A37: New Zealand | B37: =COUNTIF(Dataset_original!E28:E838,Preguntas!A32) -> 0 | D37: f0rest | E37: 40979 | J37: Sprout | K37: =COUNTIF(Tabla2[current_team],Preguntas!J37) -> 4
A38: North Macedonia | B38: =COUNTIF(Dataset_original!E4:E814,Preguntas!A8) -> 9 | D38: Snax | E38: 39509 | J38: Sampi | K38: =COUNTIF(Tabla2[current_team],Preguntas!J38) -> 1
A39: Norway | B39: =COUNTIF(Dataset_original!E39:E849,Preguntas!A43) -> 62 | D39: bubble | E39: 38738 | J39: FLET | K39: =COUNTIF(Tabla2[current_team],Preguntas!J39) -> 3
A40: Poland | B40: =COUNTIF(Dataset_original!E50:E860,Preguntas!A54) -> 22 | D40: shox | E40: 38675 | J40: ENCE | K40: =COUNTIF(Tabla2[current_team],Preguntas!J40) -> 6
A41: Portugal | B41: =COUNTIF(Dataset_original!E32:E842,Preguntas!A36) -> 3 | D41: Furlan | E41: 37890 | J41: GamerS1337 | K41: =COUNTIF(Tabla2[current_team],Preguntas!J41) -> 1
A42: Romania | B42: =COUNTIF(Dataset_original!E25:E835,Preguntas!A29) -> 3 | J42: Tricked | K42: =COUNTIF(Tabla2[current_team],Preguntas!J42) -> 6
A43: Russia | B43: =COUNTIF(Dataset_original!E52:E862,Preguntas!A56) -> 81 | J43: Mythic | K43: =COUNTIF(Tabla2[current_team],Preguntas!J43) -> 3
A44: Serbia | B44: =COUNTIF(Dataset_original!E34:E844,Preguntas!A38) -> 1 | J44: Rare Atom | K44: =COUNTIF(Tabla2[current_team],Preguntas!J44) -> 2
A45: Singapore | B45: =COUNTIF(Dataset_original!E17:E827,Preguntas!A21) -> 1 | J45: Tokyo Revengers | K45: =COUNTIF(Tabla2[current_team],Preguntas!J45) -> 5
A46: Slovakia | B46: =COUNTIF(Dataset_original!E36:E846,Preguntas!A40) -> 48 | J46: FiveG | K46: =COUNTIF(Tabla2[current_team],Preguntas!J46) -> 1
A47: South Africa | B47: =COUNTIF(Dataset_original!E18:E828,Preguntas!A22) -> 1 | J47: Finest | K47: =COUNTIF(Tabla2[current_team],Preguntas!J47) -> 5
A48: Spain | B48: =COUNTIF(Dataset_original!E35:E845,Preguntas!A39) -> 12 | J48: Imperial | K48: =COUNTIF(Tabla2[current_team],Preguntas!J48) -> 5
A49: Sweden | B49: =COUNTIF(Dataset_original!E51:E861,Preguntas!A55) -> 8 | J49: FURIA | K49: =COUNTIF(Tabla2[current_team],Preguntas!J49) -> 4
A50: Switzerland | B50: =COUNTIF(Dataset_original!E12:E822,Preguntas!A16) -> 73 | J50: Into the Breach | K50: =COUNTIF(Tabla2[current_team],Preguntas!J50) -> 3
A51: Taiwan | B51: =COUNTIF(Dataset_original!E2:E812,Preguntas!A6) -> 8 | J51: Los Grandes | K51: =COUNTIF(Tabla2[current_team],Preguntas!J51) -> 4
A52: Thailand | B52: =COUNTIF(Dataset_original!E29:E839,Preguntas!A33) -> 1 | J52: G2 | K52: =COUNTIF(Tabla2[current_team],Preguntas!J52) -> 5
A53: Turkey | B53: =COUNTIF(Dataset_original!E38:E848,Preguntas!A42) -> 5 | J53: NKT | K53: =COUNTIF(Tabla2[current_team],Preguntas!J53) -> 5
A54: Ukraine | B54: =COUNTIF(Dataset_original!E42:E852,Preguntas!A46) -> 6 | J54: Oilers | K54: =COUNTIF(Tabla2[current_team],Preguntas!J54) -> 2
A55: United Kingdom | B55: =COUNTIF(Dataset_original!E37:E847,Preguntas!A41) -> 8 | J55: Iron Branch | K55: =COUNTIF(Tabla2[current_team],Preguntas!J55) -> 1
A56: United States | B56: =COUNTIF(Dataset_original!E53:E863,Preguntas!A57) -> 1 | J56: SKADE | K56: =COUNTIF(Tabla2[current_team],Preguntas!J56) -> 5
A57: Uruguay | B57: =COUNTIF(Dataset_original!E11:E821,Preguntas!A15) -> 6 | J57: Encore | K57: =COUNTIF(Tabla2[current_team],Preguntas!J57) -> 3
A58: Uzbekistan | B58: =COUNTIF(Dataset_original!E5:E815,Preguntas!A9) -> 5 | J58: fnatic | K58: =COUNTIF(Tabla2[current_team],Preguntas!J58) -> 6
J59: Fourteen | K59: =COUNTIF(Tabla2[current_team],Preguntas!J59) -> 2
J60: Liquid | K60: =COUNTIF(Tabla2[current_team],Preguntas!J60) -> 7
J61: EG.PA | K61: =COUNTIF(Tabla2[current_team],Preguntas!J61) -> 4
J62: EXTREMUM | K62: =COUNTIF(Tabla2[current_team],Preguntas!J62) -> 1
J63: Eternal Fire | K63: =COUNTIF(Tabla2[current_team],Preguntas!J63) -> 5
J64: INDE IRAE | K64: =COUNTIF(Tabla2[current_team],Preguntas!J64) -> 2
J65: Deportivo | K65: =COUNTIF(Tabla2[current_team],Preguntas!J65) -> 1
J66: Sashi | K66: =COUNTIF(Tabla2[current_team],Preguntas!J66) -> 1
J67: spray'n'pray | K67: =COUNTIF(Tabla2[current_team],Preguntas!J67) -> 1
J68: KTRL | K68: =COUNTIF(Tabla2[current_team],Preguntas!J68) -> 2
J69: ATK | K69: =COUNTIF(Tabla2[current_team],Preguntas!J69) -> 4
J70: Young Ninjas | K70: =COUNTIF(Tabla2[current_team],Preguntas!J70) -> 2
... J174: Neon Rangers | K174: =COUNTIF(Tabla2[current_team],Preguntas!J174) -> 1
J175: 777 | K175: =COUNTIF(Tabla2[current_team],Preguntas!J175) -> 2
J176: SAW | K176: =COUNTIF(Tabla2[current_team],Preguntas!J176) -> 4
J177: Moralezz | K177: =COUNTIF(Tabla2[current_team],Preguntas!J177) -> 1
J178: Savage | K178: =COUNTIF(Tabla2[current_team],Preguntas!J178) -> 5
J179: AGO | K179: =COUNTIF(Tabla2[current_team],Preguntas!J179) -> 2
J180: Boca Juniors | K180: =COUNTIF(Tabla2[current_team],Preguntas!J180) -> 1
J181: Doge Soldiers | K181: =COUNTIF(Tabla2[current_team],Preguntas!J181) -> 1
J182: MayBe | K182: =COUNTIF(Tabla2[current_team],Preguntas!J182) -> 1
J183: Panthers | K183: =COUNTIF(Tabla2[current_team],Preguntas!J183) -> 1
J184: SJ | K184: =COUNTIF(Tabla2[current_team],Preguntas!J184) -> 1
J185: R-Stars | K185: =COUNTIF(Tabla2[current_team],Preguntas!J185) -> 1
J186: Astralis Talent | K186: =COUNTIF(Tabla2[current_team],Preguntas!J186) -> 1
J187: NAVI Youth | K187: =COUNTIF(Tabla2[current_team],Preguntas!J187) -> 1
... J200: Wings Up | K200: =COUNTIF(Tabla2[current_team],Preguntas!J200) -> 1

Sheet Dataset_original
A1: player_id | B1: nickname | C1: real_name | D1: age | E1: country | F1: current_team | G1: teams | H1: total_kills | I1: total_deaths | J1: headshot_percentage | K1: damage_per_round | L1: grenade_dmg_per_round | M1: maps_played | N1: rounds_played | O1: kills_per_round | P1: assists_per_round | Q1: deaths_per_round | R1: saved_by_teammate_per_round | S1: saved_teammates_per_round | T1: rounds_with_kills | U1: kill_to_death_diff | V1: total_opening_kills | W1: total_opening_deaths | X1: opening_kill_ratio | Y1: opening_kill_rating | Z1: team_win_percent_after_first_kill | AA1: first_kill_in_won_rounds | AB1: 0_kill_rounds | AC1: 1_kill_rounds | AD1: 2_kill_rounds | AE1: 3_kill_rounds | AF1: 4_kill_rounds | AG1: 5_kill_rounds | AH1: rifle_kills | AI1: sniper_kills | AJ1: smg_kills | AK1: pistol_kills | AL1: grenade_kills | AM1: other_kills | AN1: rating
A2: 11893 | B2: ZywOo | C2: Mathieu Herbaut | D2: 21 | E2: France | F2: Vitality | G2: Vitality, aAa | H2: 22622 | I2: 16458 | J2: 41.20% | K2: 88 | L2: 3.6 | M2: 1020 | N2: 26803 | O2: 0.84 | P2: 0.12 | Q2: 0.61 | R2: 0.1 | S2: 0.12 | T2: 14196 | U2: K - D diff. | V2: 4152 | W2: 2592 | X2: 1.6 | Y2: 1.28 | Z2: 73.10% | AA2: 21.40% | AB2: 12607 | AC2: 8195 | AD2: 4087 | AE2: 1474 | AF2: 369 | AG2: 71 | AH2: 8261 | AI2: 8552 | AJ2: 1290 | AK2: 4262 | AL2: 260 | AM2: 49 | AN2: 1.32
A3: 7998 | B3: s1mple | C3: Aleksandr Kostyliev | D3: 24 | E3: Ukraine | F3: Natus Vincere | G3: Natus Vincere | H3: 35512 | I3: 26413 | J3: 41.30% | K3: 86.4 | L3: 2.4 | M3: 1571 | N3: 41491 | O3: 0.86 | P3: 0.1 | Q3: 0.64 | R3: 0.08 | S3: 0.11 | T3: 22559 | U3: K - D diff. | V3: 6014 | W3: 3734 | X3: 1.61 | Y3: 1.24 | Z3: 75.20% | AA3: 20.80% | AB3: 18932 | AC3: 13085 | AD3: 6644 | AE3: 2262 | AF3: 504 | AG3: 64 | AH3: 14717 | AI3: 13451 | AJ3: 901 | AK3: 6057 | AL3: 199 | AM3: 254 | AN3: 1.25
A4: 16920 | B4: sh1ro | C4: Dmitry Sokolov | D4: 21 | E4: Russia | F4: Cloud9 | G4: Gambit Youngsters, Gambit | H4: 18091 | I4: 12492 | J4: 27.80% | K4: 78.6 | L4: 3.9 | M4: 884 | N4: 23451 | O4: 0.77 | P4: 0.11 | Q4: 0.53 | R4: 0.08 | S4: 0.11 | T4: 11950 | U4: K - D diff. | V4: 2705 | W4: 1383 | X4: 1.96 | Y4: 1.15 | Z4: 77.00% | AA4: 16.20% | AB4: 11501 | AC4: 7416 | AD4: 3208 | AE4: 1075 | AF4: 221 | AG4: 30 | AH4: 3791 | AI4: 10580 | AJ4: 550 | AK4: 3008 | AL4: 175 | AM4: 70 | AN4: 1.26
A5: 20113 | B5: deko | C5: Denis Zhukov | D5: 21 | E5: Russia | F5: 1WIN | G5: 1WIN | H5: 8738 | I5: 6397 | J5: 36.70% | K5: 80.4 | L5: 3.4 | M5: 404 | N5: 10913 | O5: 0.8 | P5: 0.1 | Q5: 0.59 | R5: 0.09 | S5: 0.11 | T5: 5785 | U5: K - D diff. | V5: 1261 | W5: 727 | X5: 1.73 | Y5: 1.13 | Z5: 76.40% | AA5: 16.70% | AB5: 5128 | AC5: 3598 | AD5: 1549 | AE5: 518 | AF5: 112 | AG5: 8 | AH5: 2664 | AI5: 4348 | AJ5: 181 | AK5: 1459 | AL5: 86 | AM5: 40 | AN5: 1.23
A6: 18835 | B6: saffee | C6: Rafael Costa | D6: 27 | E6: Brazil | F6: FURIA | G6: FURIA, paiN | H6: 8482 | I6: 6517 | J6: 30.90% | K6: 80.2 | L6: 3 | M6: 404 | N6: 10701 | O6: 0.79 | P6: 0.1 | Q6: 0.61 | R6: 0.08 | S6: 0.1 | T6: 5488 | U6: K - D diff. | V6: 1309 | W6: 892 | X6: 1.47 | Y6: 1.14 | Z6: 76.10% | AA6: 17.30% | AB6: 5213 | AC6: 3288 | AD6: 1548 | AE6: 524 | AF6: 114 | AG6: 14 | AH6: 2545 | AI6: 4412 | AJ6: 264 | AK6: 1209 | AL6: 52 | AM6: 28 | AN6: 1.22
A7: 8950 | B7: Kaze | C7: Andrew Khong | D7: 28 | E7: Malaysia | F7: Rare Atom | G7: ViCi, Flash, MVP.karnal | H7: 17675 | I7: 13384 | J7: 30.30% | K7: 80.1 | L7: 2.9 | M7: 864 | N7: 22588 | O7: 0.78 | P7: 0.11 | Q7: 0.59 | R7: 0.08 | S7: 0.1 | T7: 11485 | U7: K - D diff. | V7: 2688 | W7: 1586 | X7: 1.69 | Y7: 1.14 | Z7: 76.50% | AA7: 17.00% | AB7: 11103 | AC7: 6900 | AD7: 3249 | AE7: 1094 | AF7: 216 | AG7: 26 | AH7: 4893 | AI7: 9053 | AJ7: 577 | AK7: 2834 | AL7: 172 | AM7: 203 | AN7: 1.19
A8: 17306 | B8: degster | C8: Abdul Gasanov | D8: 21 | E8: Russia | F8: OG | G8: Espada, Spirit | H8: 14351 | I8: 10988 | J8: 34.70% | K8: 79.3 | L8: 2.9 | M8: 686 | N8: 18284 | O8: 0.78 | P8: 0.09 | Q8: 0.6 | R8: 0.07 | S8: 0.1 | T8: 9383 | U8: K - D diff. | V8: 2480 | W8: 1469 | X8: 1.69 | Y8: 1.21 | Z8: 73.90% | AA8: 19.20% | AB8: 8901 | AC8: 5669 | AD8: 2677 | AE8: 841 | AF8: 175 | AG8: 21 | AH8: 4118 | AI8: 7544 | AJ8: 253 | AK8: 2266 | AL8: 181 | AM8: 49 | AN8: 1.21
A9: 11271 | B9: smooya | C9: Owen Butterfield | D9: 22 | E9: United Kingdom | F9: No team | G9: BIG, Movistar Riders, Epsilon | H9: 18466 | I9: 14617 | J9: 27.80% | K9: 79.3 | L9: 2.5 | M9: 888 | N9: 23515 | O9: 0.79 | P9: 0.1 | Q9: 0.62 | R9: 0.08 | S9: 0.1 | T9: 11971 | U9: K - D diff. | V9: 3187 | W9: 2183 | X9: 1.46 | Y9: 1.19 | Z9: 76.10% | AA9: 19.80% | AB9: 11544 | AC9: 7188 | AD9: 3367 | AE9: 1141 | AF9: 254 | AG9: 21 | AH9: 4786 | AI9: 9692 | AJ9: 584 | AK9: 3283 | AL9: 141 | AM9: 31 | AN9: 1.2
A10: 12591 | B10: sterling | C10: Euan Moore | D10: 24 | E10: New Zealand | F10: Encore | G10: AVANT, Looking For Org, Dire Wolves | H10: 17063 | I10: 13103 | J10: 31.60% | K10: 78.1 | L10: 4 | M10: 861 | N10: 22023 | O10: 0.77 | P10: 0.1 | Q10: 0.59 | R10: 0.08 | S10: 0.11 | T10: 11405 | U10: K - D diff. | V10: 2599 | W10: 1390 | X10: 1.87 | Y10: 1.15 | Z10: 77.70% | AA10: 17.00% | AB10: 10618 | AC10: 7146 | AD10: 3098 | AE10: 945 | AF10: 194 | AG10: 22 | AH10: 5037 | AI10: 8539 | AJ10: 437 | AK10: 2848 | AL10: 198 | AM10: 41 | AN10: 1.2
A11: 7938 | B11: XANTARES | C11: Ismailcan DÃ¶rtkardeÅŸ | D11: 26 | E11: Turkey | F11: Eternal Fire | G11: Eternal Fire, Space Soldiers, BIG | H11: 37879 | I11: 31623 | J11: 53.30% | K11: 89.1 | L11: 4.6 | M11: 1772 | N11: 46706 | O11: 0.81 | P11: 0.15 | Q11: 0.68 | R11: 0.1 | S11: 0.1 | T11: 24117 | U11: K - D diff. | V11: 6449 | W11: 5003 | X11: 1.29 | Y11: 1.18 | Z11: 74.80% | AA11: 19.40% | AB11: 22589 | AC11: 14081 | AD11: 6997 | AE11: 2414 | AF11: 564 | AG11: 61 | AH11: 30174 | AI11: 355 | AJ11: 857 | AK11: 6127 | AL11: 394 | AM11: 50 | AN11: 1.17
A12: 18227 | B12: SENSEi | C12: Dmitriy Shvorak | D12: 23 | E12: Ukraine | F12: Iron Branch | G12: CR4ZY, Project X, Akuma, Run or Die | H12: 9369 | I12: 6979 | J12: 31.30% | K12: 76.1 | L12: 2.7 | M12: 474 | N12: 12537 | O12: 0.75 | P12: 0.09 | Q12: 0.56 | R12: 0.07 | S12: 0.09 | T12: 6358 | U12: K - D diff. | V12: 1612 | W12: 812 | X12: 1.99 | Y12: 1.2 | Z12: 74.40% | AA12: 19.10% | AB12: 6179 | AC12: 4062 | AD12: 1715 | AE12: 461 | AF12: 106 | AG12: 14 | AH12: 2118 | AI12: 5533 | AJ12: 202 | AK12: 1440 | AL12: 73 | AM12: 28 | AN12: 1.21
A13: 18072 | B13: torzsi | C13: ÃdÃ¡m TorzsÃ¡s | D13: 20 | E13: Hungary | F13: MOUZ | G13: MOUZ, Budapest Five, MOUZ NXT, Salamander | H13: 9904 | I13: 7896 | J13: 29.10% | K13: 78 | L13: 2.5 | M13: 478 | N13: 12776 | O13: 0.78 | P13: 0.09 | Q13: 0.62 | R13: 0.08 | S13: 0.11 | T13: 6499 | U13: K - D diff. | V13: 1578 | W13: 1028 | X13: 1.54 | Y13: 1.15 | Z13: 76.20% | AA13: 18.30% | AB13: 6277 | AC13: 4001 | AD13: 1751 | AE13: 603 | AF13: 128 | AG13: 16 | AH13: 2352 | AI13: 5696 | AJ13: 183 | AK13: 1606 | AL13: 83 | AM13: 39 | AN13: 1.18
A14: 7592 | B14: device | C14: Nicolai Reedtz | D14: 26 | E14: Denmark | F14: NIP | G14: Astralis, TSM | H14: 36293 | I14: 29085 | J14: 35.00% | K14: 80.3 | L14: 4.3 | M14: 1793 | N14: 46666 | O14: 0.78 | P14: 0.13 | Q14: 0.62 | R14: 0.07 | S14: 0.08 | T14: 23693 | U14: K - D diff. | V14: 6207 | W14: 4437 | X14: 1.4 | Y14: 1.17 | Z14: 78.50% | AA14: 18.90% | AB14: 22973 | AC14: 14353 | AD14: 6700 | AE14: 2125 | AF14: 467 | AG14: 48 | AH14: 14483 | AI14: 12758 | AJ14: 1566 | AK14: 6978 | AL14: 431 | AM14: 121 | AN14: 1.16
A15: 16207 | B15: DANK1NG | C15: Zhenghao Lv | D15: 22 | E15: China | F15: TYLOO | G15: TYLOO, EHOME | H15: 8149 | I15: 6556 | J15: 39.70% | K15: 79.8 | L15: 2.3 | M15: 391 | N15: 10366 | O15: 0.79 | P15: 0.1 | Q15: 0.63 | R15: 0.09 | S15: 0.1 | T15: 5400 | U15: K - D diff. | V15: 1384 | W15: 921 | X15: 1.5 | Y15: 1.19 | Z15: 73.30% | AA15: 18.30% | AB15: 4966 | AC15: 3335 | AD15: 1499 | AE15: 458 | AF15: 98 | AG15: 10 | AH15: 3124 | AI15: 3177 | AJ15: 318 | AK15: 1435 | AL15: 64 | AM15: 66 | AN15: 1.2
A16: 3741 | B16: NiKo | C16: Nikola KovaÄ | D16: 25 | E16: Bosnia and Herzegovina | F16: G2 | G16: G2, FaZe, MOUZ | H16: 34634 | I16: 29087 | J16: 50.40% | K16: 86 | L16: 4.4 | M16: 1637 | N16: 43526 | O16: 0.8 | P16: 0.13 | Q16: 0.67 | R16: 0.08 | S16: 0.1 | T16: 22258 | U16: K - D diff. | V16: 6195 | W16: 5049 | X16: 1.23 | Y16: 1.18 | Z16: 73.10% | AA16: 20.00% | AB16: 21268 | AC16: 13294 | AD16: 6231 | AE16: 2146 | AF16: 519 | AG16: 68 | AH16: 23581 | AI16: 3296 | AJ16: 1138 | AK16: 6308 | AL16: 297 | AM16: 89 | AN16: 1.15
A17: 15165 | B17: blameF | C17: Benjamin Bremer | D17: 25 | E17: Denmark | F17: Astralis | G17: Astralis, Complexity, Heroic, Epsilon | H17: 18058 | I17: 14312 | J17: 39.20% | K17: 85.6 | L17: 7.1 | M17: 884 | N17: 23631 | O17: 0.76 | P17: 0.14 | Q17: 0.61 | R17: 0.07 | S17: 0.09 | T17: 12024 | U17: K - D diff. | V17: 2857 | W17: 1995 | X17: 1.43 | Y17: 1.13 | Z17: 74.10% | AA17: 17.60% | AB17: 11607 | AC17: 7531 | AD17: 3222 | AE17: 1024 | AF17: 224 | AG17: 23 | AH17: 14032 | AI17: 164 | AJ17: 827 | AK17: 2661 | AL17: 397 | AM17: 64 | AN17: 1.22
A18: 7131 | B18: BnTeT | C18: Hansel Ferdinand | D18: 26 | E18: Indonesia | F18: TYLOO | G18: TYLOO, Gen.G, EXTREMUM | H18: 20591 | I18: 16796 | J18: 39.80% | K18: 83 | L18: 5.1 | M18: 1033 | N18: 26924 | O18: 0.76 | P18: 0.14 | Q18: 0.62 | R18: 0.1 | S18: 0.12 | T18: 13454 | U18: K - D diff. | V18: 2330 | W18: 1934 | X18: 1.2 | Y18: 0.98 | Z18: 75.70% | AA18: 12.20% | AB18: 13470 | AC18: 8251 | AD18: 3628 | AE18: 1255 | AF18: 281 | AG18: 39 | AH18: 15155 | AI18: 728 | AJ18: 1169 | AK18: 3259 | AL18: 305 | AM18: 45 | AN18: 1.15
A19: 9216 | B19: coldzera | C19: Marcelo David | D19: 27 | E19: Brazil | F19: 00NATION | G19: SK, FaZe, Luminosity, MIBR | H19: 28576 | I19: 22946 | J19: 49.40% | K19: 79.2 | L19: 2.4 | M19: 1426 | N19: 37264 | O19: 0.77 | P19: 0.11 | Q19: 0.62 | R19: 0.08 | S19: 0.1 | T19: 19016 | U19: K - D diff. | V19: 3355 | W19: 2453 | X19: 1.37 | Y19: 1.01 | Z19: 74.90% | AA19: 12.50% | AB19: 18248 | AC19: 11854 | AD19: 5167 | AE19: 1623 | AF19: 341 | AG19: 31 | AH19: 17732 | AI19: 3229 | AJ19: 2161 | AK19: 5249 | AL19: 205 | AM19: 60 | AN19: 1.15
A20: 9102 | B20: Sico | C20: Simon Williams | D20: 27 | E20: New Zealand | F20: ORDER | G20: ORDER, Renegades, Grayhound, Kings | H20: 17188 | I20: 13437 | J20: 35.40% | K20: 79.1 | L20: 6.9 | M20: 902 | N20: 22858 | O20: 0.75 | P20: 0.14 | Q20: 0.59 | R20: 0.09 | S20: 0.1 | T20: 11611 | U20: K - D diff. | V20: 2600 | W20: 1399 | X20: 1.86 | Y20: 1.13 | Z20: 80.90% | AA20: 16.10% | AB20: 11247 | AC20: 7366 | AD20: 3111 | AE20: 954 | AF20: 162 | AG20: 18 | AH20: 5220 | AI20: 7131 | AJ20: 982 | AK20: 3423 | AL20: 439 | AM20: 29 | AN20: 1.15
A21: 9172 | B21: XigN | C21: Hyun-Pyo Lee | D21: 25 | E21: Korea | F21: NKT | G21: NKT, MVP PK, MVP Project | H21: 14756 | I21: 12329 | J21: 52.40% | K21: 82.6 | L21: 2.8 | M21: 727 | N21: 18859 | O21: 0.78 | P21: 0.12 | Q21: 0.65 | R21: 0.09 | S21: 0.1 | T21: 9608 | U21: K - D diff. | V21: 2189 | W21: 1915 | X21: 1.14 | Y21: 1.08 | Z21: 72.40% | AA21: 15.70% | AB21: 9251 | AC21: 5822 | AD21: 2662 | AE21: 912 | AF21: 186 | AG21: 26 | AH21: 10598 | AI21: 371 | AJ21: 1087 | AK21: 2569 | AL21: 113 | AM21: 47 | AN21: 1.14
A22: 15631 | B22: KSCERATO | C22: Kaike Cerato | D22: 22 | E22: Brazil | F22: FURIA | G22: FURIA | H22: 17821 | I22: 14059 | J22: 49.40% | K22: 79.2 | L22: 5.4 | M22: 930 | N22: 24208 | O22: 0.74 | P22: 0.13 | Q22: 0.58 | R22: 0.08 | S22: 0.1 | T22: 11907 | U22: K - D diff. | V22: 2047 | W22: 1497 | X22: 1.37 | Y22: 0.99 | Z22: 75.00% | AA22: 11.70% | AB22: 12301 | AC22: 7473 | AD22: 3205 | AE22: 1006 | AF22: 195 | AG22: 28 | AH22: 12854 | AI22: 551 | AJ22: 1355 | AK22: 2739 | AL22: 326 | AM22: 101 | AN22: 1.18
A23: 8944 | B23: Benkai | C23: Benedict Tan | D23: 25 | E23: Singapore | F23: No team | G23: BOOT-d[S], BOOT, dream[S]cape | H23: 12164 | I23: 10118 | J23: 46.70% | K23: 85.4 | L23: 4.2 | M23: 603 | N23: 15560 | O23: 0.78 | P23: 0.14 | Q23: 0.65 | R23: 0.07 | S23: 0.1 | T23: 7983 | U23: K - D diff. | V23: 1838 | W23: 1550 | X23: 1.19 | Y23: 1.09 | Z23: 75.80% | AA23: 17.00% | AB23: 7577 | AC23: 4863 | AD23: 2231 | AE23: 732 | AF23: 142 | AG23: 15 | AH23: 8704 | AI23: 427 | AJ23: 826 | AK23: 1973 | AL23: 157 | AM23: 101 | AN23: 1.14
A24: 11847 | B24: Texta | C24: Matthew O'Rourke | D24: 21 | E24: Australia | F24: No team | G24: Chiefs, Athletico, Dark Sided | H24: 12510 | I24: 10760 | J24: 40.30% | K24: 87.1 | L24: 3.6 | M24: 625 | N24: 15713 | O24: 0.8 | P24: 0.18 | Q24: 0.68 | R24: 0.1 | S24: 0.13 | T24: 8125 | U24: K - D diff. | V24: 1908 | W24: 1825 | X24: 1.05 | Y24: 1.08 | Z24: 75.80% | AA24: 16.90% | AB24: 7588 | AC24: 4887 | AD24: 2284 | AE24: 775 | AF24: 165 | AG24: 14 | AH24: 9814 | AI24: 148 | AJ24: 264 | AK24: 2192 | AL24: 109 | AM24: 6 | AN24: 1.21
A25: 13776 | B25: Jame | C25: Dzhami Ali | D25: 23 | E25: Russia | F25: Outsiders | G25: AVANGAR, Virtus.pro | H25: 22608 | I25: 17316 | J25: 25.20% | K25: 73 | L25: 3.9 | M25: 1189 | N25: 31521 | O25: 0.72 | P25: 0.09 | Q25: 0.55 | R25: 0.07 | S25: 0.09 | T25: 15469 | U25: K - D diff. | V25: 3753 | W25: 2089 | X25: 1.8 | Y25: 1.15 | Z25: 76.00% | AA25: 17.10% | AB25: 16052 | AC25: 10001 | AD25: 4041 | AE25: 1202 | AF25: 206 | AG25: 19 | AH25: 3061 | AI25: 14965 | AJ25: 1081 | AK25: 3198 | AL25: 252 | AM25: 137 | AN25: 1.17
A26: 9626 | B26: XELLOW | C26: Adrian GuÈ›Äƒ | D26: 21 | E26: Romania | F26: ECSTATIC | G26: Nexus | H26: 22423 | I26: 19052 | J26: 40.40% | K26: 80 | L26: 1.8 | M26: 1097 | N26: 28850 | O26: 0.78 | P26: 0.11 | Q26: 0.66 | R26: 0.09 | S26: 0.11 | T26: 14611 | U26: K - D diff. | V26: 3983 | W26: 2960 | X26: 1.35 | Y26: 1.19 | Z26: 73.40% | AA26: 19.80% | AB26: 14239 | AC26: 8851 | AD26: 4086 | AE26: 1327 | AF26: 316 | AG26: 31 | AH26: 8583 | AI26: 9211 | AJ26: 507 | AK26: 3998 | AL26: 133 | AM26: 50 | AN26: 1.13
A27: 16847 | B27: mhL | C27: MiÅ‚osz Knasiak | D27: 20 | E27: Poland | F27: MOUZ NXT | G27: MOUZ NXT, AGO | H27: 10241 | I27: 8484 | J27: 28.50% | K27: 80 | L27: 3.8 | M27: 498 | N27: 13378 | O27: 0.77 | P27: 0.12 | Q27: 0.63 | R27: 0.1 | S27: 0.11 | T27: 6773 | U27: K - D diff. | V27: 1656 | W27: 1114 | X27: 1.49 | Y27: 1.15 | Z27: 76.70% | AA27: 18.40% | AB27: 6605 | AC27: 4156 | AD27: 1896 | AE27: 596 | AF27: 120 | AG27: 5 | AH27: 2444 | AI27: 5801 | AJ27: 181 | AK27: 1687 | AL27: 153 | AM27: 16 | AN27: 1.17
A28: 798 | B28: oskar | C28: TomÃ¡Å¡ Å Å¥astnÃ½ | D28: 31 | E28: Czech Republic | F28: Tokyo Revengers | G28: MOUZ, SINNERS, HellRaisers | H28: 29371 | I28: 24509 | J28: 30.50% | K28: 78.2 | L28: 3.4 | M28: 1460 | N28: 38504 | O28: 0.76 | P28: 0.1 | Q28: 0.64 | R28: 0.07 | S28: 0.08 | T28: 19306 | U28: K - D diff. | V28: 5123 | W28: 3652 | X28: 1.4 | Y28: 1.17 | Z28: 73.40% | AA28: 18.90% | AB28: 19198 | AC28: 11802 | AD28: 5377 | AE28: 1731 | AF28: 363 | AG28: 33 | AH28: 5625 | AI28: 16854 | AJ28: 1023 | AK28: 5191 | AL28: 335 | AM28: 406 | AN28: 1.13
A29: 13281 | B29: El1an | C29: Aleksei Gusev | D29: 23 | E29: Russia | F29: Entropiq | G29: Entropiq, Winstrike, EPG | H29: 26132 | I29: 21336 | J29: 27.10% | K29: 78.1 | L29: 2.7 | M29: 1304 | N29: 34783 | O29: 0.75 | P29: 0.11 | Q29: 0.61 | R29: 0.07 | S29: 0.08 | T29: 17472 | U29: K - D diff. | V29: 4718 | W29: 2938 | X29: 1.61 | Y29: 1.2 | Z29: 74.50% | AA29: 19.70% | AB29: 17311 | AC29: 10958 | AD29: 4691 | AE29: 1525 | AF29: 273 | AG29: 25 | AH29: 5031 | AI29: 16248 | AJ29: 396 | AK29: 4164 | AL29: 233 | AM29: 122 | AN29: 1.17
A30: 7167 | B30: kennyS | C30: Kenny Schrub | D30: 27 | E30: France | F30: G2 | G30: G2, Envy, Titan | H30: 37067 | I30: 30736 | J30: 31.20% | K30: 74.7 | L30: 3.4 | M30: 1852 | N30: 48898 | O30: 0.76 | P30: 0.11 | Q30: 0.63 | R30: 0.09 | S30: 0.11 | T30: 24567 | U30: K - D diff. | V30: 5847 | W30: 3969 | X30: 1.47 | Y30: 1.13 | Z30: 76.50% | AA30: 17.50% | AB30: 24331 | AC30: 15241 | AD30: 6747 | AE30: 2120 | AF30: 412 | AG30: 47 | AH30: 8533 | AI30: 19544 | AJ30: 843 | AK30: 7423 | AL30: 707 | AM30: 80 | AN30: 1.13
A31: 10774 | B31: Freeman | C31: WingHei Cheung | D31: 23 | E31: Hong Kong | F31: YK | G31: ViCi, TYLOO | H31: 15040 | I31: 12743 | J31: 49.10% | K31: 80.7 | L31: 2.9 | M31: 773 | N31: 19766 | O31: 0.76 | P31: 0.13 | Q31: 0.64 | R31: 0.09 | S31: 0.11 | T31: 9837 | U31: K - D diff. | V31: 1902 | W31: 1717 | X31: 1.11 | Y31: 1 | Z31: 75.70% | AA31: 13.50% | AB31: 9929 | AC31: 5988 | AD31: 2725 | AE31: 918 | AF31: 182 | AG31: 24 | AH31: 10686 | AI31: 690 | AJ31: 766 | AK31: 2735 | AL31: 158 | AM31: 32 | AN31: 1.16
A32: 10981 | B32: mantuu | C32: Mateusz Wilczewski | D32: 24 | E32: Poland | F32: No team | G32: OG, ALTERNATE aTTaX, PANTHERS | H32: 13904 | I32: 11530 | J32: 35.70% | K32: 76.7 | L32: 3.4 | M32: 696 | N32: 18646 | O32: 0.75 | P32: 0.11 | Q32: 0.62 | R32: 0.09 | S32: 0.12 | T32: 9247 | U32: K - D diff. | V32: 2203 | W32: 1553 | X32: 1.42 | Y32: 1.12 | Z32: 73.40% | AA32: 17.30% | AB32: 9399 | AC32: 5767 | AD32: 2516 | AE32: 774 | AF32: 167 | AG32: 23 | AH32: 5626 | AI32: 5438 | AJ32: 448 | AK32: 2252 | AL32: 151 | AM32: 31 | AN32: 1.16
A33: 3972 | B33: huNter- | C33: Nemanja KovaÄ | D33: 26 | E33: Bosnia and Herzegovina | F33: G2 | G33: G2, Valiance, Binary Dragons | H33: 30144 | I33: 25923 | J33: 49.40% | K33: 84.8 | L33: 5.5 | M33: 1474 | N33: 38947 | O33: 0.77 | P33: 0.14 | Q33: 0.67 | R33: 0.1 | S33: 0.11 | T33: 19652 | U33: K - D diff. | V33: 4536 | W33: 3818 | X33: 1.19 | Y33: 1.09 | Z33: 76.10% | AA33: 16.60% | AB33: 19295 | AC33: 11861 | AD33: 5534 | AE33: 1846 | AF33: 378 | AG33: 33 | AH33: 21272 | AI33: 344 | AJ33: 3190 | AK33: 4826 | AL33: 422 | AM33: 156 | AN33: 1.12
A34: 9960 | B34: frozen | C34: David ÄŒerÅˆanskÃ½ | D34: 20 | E34: Slovakia | F34: MOUZ | G34: MOUZ, eXtatus | H34: 24136 | I34: 20574 | J34: 54.60% | K34: 82.9 | L34: 5.1 | M34: 1218 | N34: 31866 | O34: 0.76 | P34: 0.13 | Q34: 0.65 | R34: 0.09 | S34: 0.11 | T34: 15834 | U34: K - D diff. | V34: 3463 | W34: 3098 | X34: 1.12 | Y34: 1.05 | Z34: 73.50% | AA34: 15.10% | AB34: 16032 | AC34: 9799 | AD34: 4184 | AE34: 1471 | AF34: 344 | AG34: 36 | AH34: 17384 | AI34: 1178 | AJ34: 849 | AK34: 4379 | AL34: 333 | AM34: 100 | AN34: 1.12
A35: 16816 | B35: vsm | C35: Vinicius Moreira | D35: 23 | E35: Brazil | F35: 00NATION | G35: DETONA, 00NATION | H35: 10883 | I35: 9398 | J35: 47.00% | K35: 83.6 | L35: 3.1 | M35: 533 | N35: 14130 | O35: 0.77 | P35: 0.13 | Q35: 0.67 | R35: 0.09 | S35: 0.1 | T35: 7098 | U35: K - D diff. | V35: 1806 | W35: 1548 | X35: 1.17 | Y35: 1.12 | Z35: 73.20% | AA35: 17.90% | AB35: 7032 | AC35: 4315 | AD35: 1963 | AE35: 647 | AF35: 164 | AG35: 9 | AH35: 7544 | AI35: 1047 | AJ35: 404 | AK35: 1800 | AL35: 99 | AM35: 32 | AN35: 1.18
A36: 12877 | B36: chelleos | C36: Michael Hawkins | D36: 22 | E36: New Zealand | F36: No team | G36: Rooster, madlikewizards, Paradox | H36: 11270 | I36: 9818 | J36: 32.00% | K36: 84.2 | L36: 4.1 | M36: 560 | N36: 14454 | O36: 0.78 | P36: 0.13 | Q36: 0.68 | R36: 0.1 | S36: 0.09 | T36: 7347 | U36: K - D diff. | V36: 2574 | W36: 2036 | X36: 1.26 | Y36: 1.32 | Z36: 72.30% | AA36: 24.80% | AB36: 7107 | AC36: 4471 | AD36: 2021 | AE36: 679 | AF36: 160 | AG36: 16 | AH36: 3548 | AI36: 5692 | AJ36: 260 | AK36: 1601 | AL36: 160 | AM36: 35 | AN36: 1.2
A37: 11141 | B37: erkaSt | C37: Erdenetsogt Gantulga | D37: 27 | E37: Mongolia | F37: NKT | G37: Grayhound, TIGER, Immunity | H37: 17397 | I37: 14889 | J37: 50.10% | K37: 83.3 | L37: 5.1 | M37: 869 | N37: 22571 | O37: 0.77 | P37: 0.15 | Q37: 0.66 | R37: 0.09 | S37: 0.09 | T37: 11431 | U37: K - D diff. | V37: 2385 | W37: 2041 | X37: 1.17 | Y37: 1.04 | Z37: 75.20% | AA37: 14.30% | AB37: 11140 | AC37: 6979 | AD37: 3187 | AE37: 1032 | AF37: 217 | AG37: 16 | AH37: 12309 | AI37: 384 | AJ37: 1608 | AK37: 2838 | AL37: 247 | AM37: 52 | AN37: 1.17
A38: 12553 | B38: yuurih | C38: Yuri Santos | D38: 22 | E38: Brazil | F38: FURIA | G38: FURIA | H38: 20149 | I38: 16995 | J38: 44.30% | K38: 84.2 | L38: 5 | M38: 1022 | N38: 26677 | O38: 0.76 | P38: 0.15 | Q38: 0.64 | R38: 0.09 | S38: 0.11 | T38: 13336 | U38: K - D diff. | V38: 2580 | W38: 1877 | X38: 1.37 | Y38: 1.03 | Z38: 76.40% | AA38: 13.70% | AB38: 13341 | AC38: 8292 | AD38: 3570 | AE38: 1201 | AF38: 251 | AG38: 22 | AH38: 15471 | AI38: 453 | AJ38: 744 | AK38: 3219 | AL38: 286 | AM38: 43 | AN38: 1.18
A39: 8574 | B39: woxic | C39: Ã–zgÃ¼r Eker | D39: 23 | E39: Turkey | F39: Eternal Fire | G39: Eternal Fire, HellRaisers, MOUZ, DarkPassage | H39: 22815 | I39: 18947 | J39: 32.10% | K39: 76.4 | L39: 2.4 | M39: 1178 | N39: 30952 | O39: 0.74 | P39: 0.11 | Q39: 0.61 | R39: 0.08 | S39: 0.1 | T39: 15130 | U39: K - D diff. | V39: 3693 | W39: 2485 | X39: 1.49 | Y39: 1.13 | Z39: 76.10% | AA39: 17.30% | AB39: 15822 | AC39: 9398 | AD39: 4130 | AE39: 1287 | AF39: 279 | AG39: 36 | AH39: 6232 | AI39: 12438 | AJ39: 462 | AK39: 3472 | AL39: 214 | AM39: 84 | AN39: 1.12
A40: 1088 | B40: liTTle | C40: Anatoliy Yashin | D40: 33 | E40: Russia | F40: HellRaisers | G40: forZe, RuSh3D, Spartak, Enso | H40: 9317 | I40: 7766 | J40: 27.70% | K40: 78.5 | L40: 2.6 | M40: 457 | N40: 12154 | O40: 0.77 | P40: 0.1 | Q40: 0.64 | R40: 0.07 | S40: 0.09 | T40: 6279 | U40: K - D diff. | V40: 1595 | W40: 1041 | X40: 1.53 | Y40: 1.18 | Z40: 71.60% | AA40: 19.00% | AB40: 5875 | AC40: 3952 | AD40: 1735 | AE40: 484 | AF40: 99 | AG40: 9 | AH40: 1248 | AI40: 5656 | AJ40: 105 | AK40: 2206 | AL40: 112 | AM40: 7 | AN40: 1.12
A41: 11140 | B41: INS | C41: Joshua Potter | D41: 23 | E41: Australia | F41: ORDER | G41: ORDER, Renegades, Chiefs, Tainted Minds | H41: 18179 | I41: 15568 | J41: 42.50% | K41: 85.6 | L41: 8.5 | M41: 946 | N41: 23988 | O41: 0.76 | P41: 0.17 | Q41: 0.65 | R41: 0.1 | S41: 0.09 | T41: 11887 | U41: K - D diff. | V41: 2792 | W41: 2439 | X41: 1.14 | Y41: 1.08 | Z41: 77.50% | AA41: 15.90% | AB41: 12101 | AC41: 7199 | AD41: 3368 | AE41: 1063 | AF41: 230 | AG41: 27 | AH41: 12322 | AI41: 825 | AJ41: 1492 | AK41: 3018 | AL41: 490 | AM41: 77 | AN41: 1.19
A42: 5736 | B42: kNgV- | C42: Vito Giuseppe | D42: 29 | E42: Brazil | F42: No team | G42: MIBR, INTZ | H42: 16548 | I42: 14142 | J42: 32.70% | K42: 78.5 | L42: 2.1 | M42: 827 | N42: 21606 | O42: 0.77 | P42: 0.1 | Q42: 0.65 | R42: 0.08 | S42: 0.09 | T42: 10956 | U42: K - D diff. | V42: 2929 | W42: 2200 | X42: 1.33 | Y42: 1.17 | Z42: 74.60% | AA42: 19.40% | AB42: 10650 | AC42: 6792 | AD42: 2989 | AE42: 945 | AF42: 207 | AG42: 23 | AH42: 5082 | AI42: 7983 | AJ42: 732 | AK42: 2586 | AL42: 142 | AM42: 48 | AN42: 1.12
A43: 11816 | B43: ropz | C43: Robin Kool | D43: 22 | E43: Estonia | F43: FaZe | G43: MOUZ | H43: 22490 | I43: 18697 | J43: 51.60% | K43: 78.5 | L43: 2.4 | M43: 1149 | N43: 30413 | O43: 0.74 | P43: 0.11 | Q43: 0.61 | R43: 0.07 | S43: 0.09 | T43: 14993 | U43: K - D diff. | V43: 2943 | W43: 2410 | X43: 1.22 | Y43: 1.02 | Z43: 73.10% | AA43: 13.50% | AB43: 15420 | AC43: 9347 | AD43: 4109 | AE43: 1251 | AF43: 258 | AG43: 28 | AH43: 16807 | AI43: 1080 | AJ43: 738 | AK43: 3679 | AL43: 131 | AM43: 117 | AN43: 1.15
A44: 14087 | B44: Jamppi | C44: Elias Olkkonen | D44: 21 | E44: Finland | F44: No team | G44: SJ, ENCE | H44: 10302 | I44: 8894 | J44: 31.80% | K44: 78.2 | L44: 2.8 | M44: 503 | N44: 13449 | O44: 0.77 | P44: 0.1 | Q44: 0.66 | R44: 0.08 | S44: 0.09 | T44: 6747 | U44: K - D diff. | V44: 2050 | W44: 1538 | X44: 1.33 | Y44: 1.24 | Z44: 72.50% | AA44: 22.20% | AB44: 6702 | AC44: 4128 | AD44: 1826 | AE44: 658 | AF44: 127 | AG44: 8 | AH44: 2872 | AI44: 5073 | AJ44: 421 | AK44: 1835 | AL44: 83 | AM44: 46 | AN44: 1.15
A45: 9884 | B45: wrath | C45: Collin McSweegan | D45: 20 | E45: United States | F45: No team | G45: New Identity, Secret Club, BlackOut | H45: 10634 | I45: 9395 | J45: 50.10% | K45: 83.9 | L45: 3.5 | M45: 525 | N45: 13568 | O45: 0.78 | P45: 0.14 | Q45: 0.69 | R45: 0.11 | S45: 0.14 | T45: 6906 | U45: K - D diff. | V45: 1518 | W45: 1276 | X45: 1.19 | Y45: 1.07 | Z45: 74.80% | AA45: 16.20% | AB45: 6662 | AC45: 4167 | AD45: 1920 | AE45: 672 | AF45: 124 | AG45: 23 | AH45: 8173 | AI45: 205 | AJ45: 404 | AK45: 1766 | AL45: 91 | AM45: 16 | AN45: 1.12
A46: 8412 | B46: dream3r | C46: Simeon Ganev | D46: 25 | E46: Bulgaria | F46: SKADE | G46: SKADE, E-frag.net, Fiend | H46: 24903 | I46: 20679 | J46: 49.70% | K46: 77 | L46: 3.2 | M46: 1283 | N46: 33620 | O46: 0.74 | P46: 0.12 | Q46: 0.62 | R46: 0.08 | S46: 0.11 | T46: 16695 | U46: K - D diff. | V46: 2721 | W46: 2236 | X46: 1.22 | Y46: 0.96 | Z46: 74.30% | AA46: 11.20% | AB46: 16925 | AC46: 10474 | AD46: 4539 | AE46: 1418 | AF46: 237 | AG46: 27 | AH46: 19438 | AI46: 349 | AJ46: 272 | AK46: 4561 | AL46: 296 | AM46: 45 | AN46: 1.11
A47: 13238 | B47: PTC | C47: Kitikawin Rattanasukol | D47: 23 | E47: Thailand | F47: No team | G47: Lucid Dream, 5POWER | H47: 9304 | I47: 7896 | J47: 36.10% | K47: 76.9 | L47: 2 | M47: 476 | N47: 12393 | O47: 0.75 | P47: 0.1 | Q47: 0.64 | R47: 0.08 | S47: 0.09 | T47: 6199 | U47: K - D diff. | V47: 1542 | W47: 1102 | X47: 1.4 | Y47: 1.14 | Z47: 73.10% | AA47: 17.50% | AB47: 6194 | AC47: 3885 | AD47: 1655 | AE47: 538 | AF47: 110 | AG47: 11 | AH47: 3249 | AI47: 3987 | AJ47: 349 | AK47: 1649 | AL47: 63 | AM47: 27 | AN47: 1.14
A48: 12733 | B48: xsepower | C48: Bogdan Chernikov | D48: 24 | E48: Russia | F48: K23 | G48: K23, forZe | H48: 24769 | I48: 20066 | J48: 24.90% | K48: 72.4 | L48: 2.2 | M48: 1282 | N48: 34452 | O48: 0.72 | P48: 0.08 | Q48: 0.58 | R48: 0.07 | S48: 0.08 | T48: 16798 | U48: K - D diff. | V48: 5002 | W48: 3073 | X48: 1.63 | Y48: 1.24 | Z48: 74.90% | AA48: 20.80% | AB48: 17654 | AC48: 10662 | AD48: 4559 | AE48: 1337 | AF48: 222 | AG48: 18 | AH48: 2339 | AI48: 17549 | AJ48: 825 | AK48: 3919 | AL48: 175 | AM48: 47 | AN48: 1.15
A49: 15662 | B49: zorte | C49: Aleksandr Zagodyrenko | D49: 24 | E49: Russia | F49: forZe | G49: forZe, Unique | H49: 14696 | I49: 12200 | J49: 36.50% | K49: 74.3 | L49: 2.7 | M49: 754 | N49: 20154 | O49: 0.73 | P49: 0.09 | Q49: 0.61 | R49: 0.09 | S49: 0.11 | T49: 9854 | U49: K - D diff. | V49: 2584 | W49: 1670 | X49: 1.55 | Y49: 1.17 | Z49: 74.10% | AA49: 18.60% | AB49: 10300 | AC49: 6195 | AD49: 2676 | AE49: 805 | AF49: 156 | AG49: 22 | AH49: 4279 | AI49: 7548 | AJ49: 239 | AK49: 2509 | AL49: 139 | AM49: 27 | AN49: 1.15
A50: 10394 | B50: Twistzz | C50: Russel Van Dulken | D50: 22 | E50: Canada | F50: FaZe | G50: FaZe, Liquid | H50: 26811 | I50: 22783 | J50: 62.30% | K50: 76.9 | L50: 3.4 | M50: 1394 | N50: 36637 | O50: 0.73 | P50: 0.11 | Q50: 0.62 | R50: 0.1 | S50: 0.12 | T50: 17685 | U50: K - D diff. | V50: 3212 | W50: 2943 | X50: 1.09 | Y50: 0.97 | Z50: 73.90% | AA50: 12.20% | AB50: 18952 | AC50: 10984 | AD50: 4732 | AE50: 1563 | AF50: 356 | AG50: 50 | AH50: 19443 | AI50: 782 | AJ50: 1240 | AK50: 5120 | AL50: 239 | AM50: 65 | AN50: 1.11
A51: 8943 | B51: splashske | C51: Nevin Aw | D51: 23 | E51: Singapore | F51: No team | G51: BOOT-d[S], HZ, BOOT, dream[S]cape | H51: 14145 | I51: 12334 | J51: 38.40% | K51: 78.5 | L51: 3.5 | M51: 722 | N51: 18651 | O51: 0.76 | P51: 0.11 | Q51: 0.66 | R51: 0.09 | S51: 0.09 | T51: 9213 | U51: K - D diff. | V51: 2658 | W51: 1858 | X51: 1.43 | Y51: 1.21 | Z51: 73.60% | AA51: 20.10% | AB51: 9438 | AC51: 5577 | AD51: 2549 | AE51: 897 | AF51: 171 | AG51: 19 | AH51: 4741 | AI51: 6178 | AJ51: 525 | AK51: 2539 | AL51: 167 | AM51: 24 | AN51: 1.11
A52: 14736 | B52: dgt | C52: Franco Garcia | D52: 21 | E52: Uruguay | F52: 9z | G52: 9z | H52: 8304 | I52: 6898 | J52: 49.50% | K52: 77.8 | L52: 3.5 | M52: 426 | N52: 11279 | O52: 0.74 | P52: 0.12 | Q52: 0.61 | R52: 0.09 | S52: 0.12 | T52: 5602 | U52: K - D diff. | V52: 1008 | W52: 777 | X52: 1.3 | Y52: 1 | Z52: 75.40% | AA52: 12.60% | AB52: 5677 | AC52: 3557 | AD52: 1494 | AE52: 452 | AF52: 92 | AG52: 7 | AH52: 6750 | AI52: 50 | AJ52: 201 | AK52: 1217 | AL52: 97 | AM52: 29 | AN52: 1.15
A53: 2757 | B53: GuardiaN | C53: Ladislav KovÃ¡cs | D53: 31 | E53: Slovakia | F53: Sampi | G53: Natus Vincere, FaZe | H53: 30535 | I53: 25774 | J53: 29.60% | K53: 71.8 | L53: 2.8 | M53: 1578 | N53: 41357 | O53: 0.74 | P53: 0.11 | Q53: 0.62 | R53: 0.08 | S53: 0.09 | T53: 20238 | U53: K - D diff. | V53: 5307 | W53: 3777 | X53: 1.41 | Y53: 1.16 | Z53: 76.40% | AA53: 18.60% | AB53: 21119 | AC53: 12563 | AD53: 5497 | AE53: 1828 | AF53: 313 | AG53: 37 | AH53: 6940 | AI53: 17441 | AJ53: 706 | AK53: 5096 | AL53: 326 | AM53: 68 | AN53: 1.11
A54: 13249 | B54: oSee | C54: Josh Ohm | D54: 23 | E54: United States | F54: Liquid | G54: Extra Salt, Singularity, Cloud9 | H54: 21303 | I54: 17903 | J54: 31.70% | K54: 76.5 | L54: 2.9 | M54: 1103 | N54: 28680 | O54: 0.74 | P54: 0.11 | Q54: 0.62 | R54: 0.11 | S54: 0.12 | T54: 14323 | U54: K - D diff. | V54: 3355 | W54: 2407 | X54: 1.39 | Y54: 1.11 | Z54: 75.50% | AA54: 16.50% | AB54: 14357 | AC54: 9043 | AD54: 3866 | AE54: 1146 | AF54: 250 | AG54: 18 | AH54: 7051 | AI54: 10272 | AJ54: 391 | AK54: 3442 | AL54: 173 | AM54: 35 | AN54: 1.15
A55: 11283 | B55: ottoNd | C55: Otto Sihvo | D55: 24 | E55: Finland | F55: HAVU | G55: HAVU, Valiance, CR4ZY, c0ntact | H55: 16712 | I55: 14070 | J55: 26.90% | K55: 76.2 | L55: 3.3 | M55: 855 | N55: 22591 | O55: 0.74 | P55: 0.1 | Q55: 0.62 | R55: 0.09 | S55: 0.11 | T55: 11142 | U55: K - D diff. | V55: 2836 | W55: 1902 | X55: 1.49 | Y55: 1.15 | Z55: 75.50% | AA55: 18.00% | AB55: 11449 | AC55: 6904 | AD55: 3104 | AE55: 955 | AF55: 160 | AG55: 19 | AH55: 3782 | AI55: 9345 | AJ55: 556 | AK55: 2879 | AL55: 170 | AM55: 13 | AN55: 1.15
A56: 9277 | B56: FREDDyFROG | C56: Fredrik Gustafsson | D56: 29 | E56: Sweden | F56: No team | G56: Chaos, Red Reserve, Apeks, Japaleno, Galaxy Racer | H56: 23743 | I56: 20127 | J56: 40.30% | K56: 80.4 | L56: 3.9 | M56: 1207 | N56: 32156 | O56: 0.74 | P56: 0.14 | Q56: 0.63 | R56: 0.09 | S56: 0.11 | T56: 15874 | U56: K - D diff. | V56: 3341 | W56: 2595 | X56: 1.29 | Y56: 1.05 | Z56: 71.60% | AA56: 14.80% | AB56: 16282 | AC56: 10005 | AD56: 4180 | AE56: 1409 | AF56: 249 | AG56: 31 | AH56: 16327 | AI56: 1351 | AJ56: 1505 | AK56: 4241 | AL56: 289 | AM56: 116 | AN56: 1.11
A57: 15821 | B57: NEOFRAG | C57: Adam Zouhar | D57: 21 | E57: Czech Republic | F57: OG | G57: SINNERS | H57: 13707 | I57: 12172 | J57: 49.00% | K57: 86.2 | L57: 8.5 | M57: 676 | N57: 18080 | O57: 0.76 | P57: 0.16 | Q57: 0.67 | R57: 0.09 | S57: 0.12 | T57: 8891 | U57: K - D diff. | V57: 2282 | W57: 1926 | X57: 1.18 | Y57: 1.12 | Z57: 72.90% | AA57: 17.60% | AB57: 9189 | AC57: 5369 | AD57: 2488 | AE57: 817 | AF57: 174 | AG57: 43 | AH57: 10748 | AI57: 406 | AJ57: 289 | AK57: 2068 | AL57: 201 | AM57: 31 | AN57: 1.18
A58: 9136 | B58: Brehze | C58: Vincent Cayonte | D58: 24 | E58: United States | F58: Evil Geniuses | G58: Evil Geniuses, NRG | H58: 23029 | I58: 20248 | J58: 52.40% | K58: 80.5 | L58: 2.5 | M58: 1164 | N58: 30296 | O58: 0.76 | P58: 0.12 | Q58: 0.67 | R58: 0.1 | S58: 0.12 | T58: 15137 | U58: K - D diff. | V58: 3096 | W58: 2783 | X58: 1.11 | Y58: 1.02 | Z58: 73.40% | AA58: 14.40% | AB58: 15159 | AC58: 9359 | AD58: 4034 | AE58: 1406 | AF58: 306 | AG58: 32 | AH58: 17813 | AI58: 348 | AJ58: 647 | AK58: 4110 | AL58: 131 | AM58: 40 | AN58: 1.1
A59: 13254 | B59: TenZ | C59: Tyson Ngo | D59: 21 | E59: Canada | F59: No team | G59: Bad News Bears, ATK | H59: 7931 | I59: 7092 | J59: 51.30% | K59: 82.4 | L59: 3.2 | M59: 401 | N59: 10399 | O59: 0.76 | P59: 0.14 | Q59: 0.68 | R59: 0.1 | S59: 0.12 | T59: 5128 | U59: K - D diff. | V59: 1173 | W59: 1121 | X59: 1.05 | Y59: 1.05 | Z59: 71.30% | AA59: 15.60% | AB59: 5271 | AC59: 3097 | AD59: 1401 | AE59: 503 | AF59: 112 | AG59: 15 | AH59: 5215 | AI59: 814 | AJ59: 237 | AK59: 1583 | AL59: 62 | AM59: 38 | AN59: 1.15
A60: 14619 | B60: Infinite | C60: Gage Green | D60: 24 | E60: United States | F60: ONET4P | G60: Party Astronauts | H60: 16071 | I60: 14047 | J60: 50.80% | K60: 81.2 | L60: 4.9 | M60: 827 | N60: 21545 | O60: 0.75 | P60: 0.14 | Q60: 0.65 | R60: 0.1 | S60: 0.11 | T60: 10526 | U60: K - D diff. | V60: 2310 | W60: 2137 | X60: 1.08 | Y60: 1.04 | Z60: 72.70% | AA60: 14.60% | AB60: 11019 | AC60: 6462 | AD60: 2853 | AE60: 973 | AF60: 206 | AG60: 32 | AH60: 11610 | AI60: 464 | AJ60: 1064 | AK60: 2730 | AL60: 202 | AM60: 54 | AN60: 1.16
A61: 11219 | B61: CeRq | C61: Tsvetelin Dimitrov | D61: 22 | E61: Bulgaria | F61: Evil Geniuses | G61: Evil Geniuses, NRG, Outlaws | H61: 22812 | I61: 19387 | J61: 27.90% | K61: 74.2 | L61: 2.4 | M61: 1199 | N61: 31114 | O61: 0.73 | P61: 0.1 | Q61: 0.62 | R61: 0.1 | S61: 0.11 | T61: 15199 | U61: K - D diff. | V61: 3923 | W61: 2745 | X61: 1.43 | Y61: 1.15 | Z61: 75.10% | AA61: 18.00% | AB61: 15915 | AC61: 9524 | AD61: 4043 | AE61: 1347 | AF61: 264 | AG61: 21 | AH61: 5642 | AI61: 12614 | AJ61: 716 | AK61: 3714 | AL61: 150 | AM61: 30 | AN61: 1.14
A62: 29 | B62: f0rest | C62: Patrik Lindberg | D62: 34 | E62: Sweden | F62: No team | G62: NIP, Dignitas | H62: 40979 | I62: 35331 | J62: 51.90% | K62: 76.3 | L62: 3.7 | M62: 2089 | N62: 54327 | O62: 0.75 | P62: 0.12 | Q62: 0.65 | R62: 0.09 | S62: 0.1 | T62: 27163 | U62: K - D diff. | V62: 5897 | W62: 4745 | X62: 1.24 | Y62: 1.06 | Z62: 76.50% | AA62: 15.60% | AB62: 27164 | AC62: 16782 | AD62: 7563 | AE62: 2322 | AF62: 453 | AG62: 43 | AH62: 27542 | AI62: 4275 | AJ62: 1344 | AK62: 7336 | AL62: 395 | AM62: 151 | AN62: 1.1
A63: 10664 | B63: Olivia | C63: Peeratch Ingkudanonda | D63: 24 | E63: Thailand | F63: LZ | G63: Beyond, Alpha Red, Signature | H63: 12279 | I63: 10714 | J63: 37.00% | K63: 78.5 | L63: 2.4 | M63: 634 | N63: 16189 | O63: 0.76 | P63: 0.11 | Q63: 0.66 | R63: 0.08 | S63: 0.09 | T63: 8107 | U63: K - D diff. | V63: 2002 | W63: 1468 | X63: 1.36 | Y63: 1.13 | Z63: 75.20% | AA63: 18.00% | AB63: 8082 | AC63: 4975 | AD63: 2262 | AE63: 719 | AF63: 132 | AG63: 19 | AH63: 6032 | AI63: 3508 | AJ63: 575 | AK63: 2052 | AL63: 95 | AM63: 56 | AN63: 1.13
A64: 13670 | B64: nawwk | C64: Tim Jonasson | D64: 24 | E64: Sweden | F64: Apeks | G64: Apeks, GamerLegion, NIP, x6tence Galaxy | H64: 17547 | I64: 14717 | J64: 35.40% | K64: 73.5 | L64: 2.8 | M64: 894 | N64: 23861 | O64: 0.74 | P64: 0.09 | Q64: 0.62 | R64: 0.09 | S64: 0.11 | T64: 11865 | U64: K - D diff. | V64: 2434 | W64: 1584 | X64: 1.54 | Y64: 1.07 | Z64: 76.20% | AA64: 15.20% | AB64: 11996 | AC64: 7534 | AD64: 3173 | AE64: 979 | AF64: 165 | AG64: 14 | AH64: 5716 | AI64: 8044 | AJ64: 613 | AK64: 2996 | AL64: 180 | AM64: 57 | AN64: 1.12
A65: 12126 | B65: poizon | C65: Valentin Vasilev | D65: 23 | E65: Bulgaria | F65: fnatic | G65: Complexity, Windigo, Bpro | H65: 21485 | I65: 18630 | J65: 33.60% | K65: 78 | L65: 3.8 | M65: 1101 | N65: 29160 | O65: 0.74 | P65: 0.12 | Q65: 0.64 | R65: 0.09 | S65: 0.1 | T65: 14140 | U65: K - D diff. | V65: 3694 | W65: 2772 | X65: 1.33 | Y65: 1.14 | Z65: 76.20% | AA65: 18.40% | AB65: 15020 | AC65: 8731 | AD65: 3815 | AE65: 1285 | AF65: 276 | AG65: 33 | AH65: 6183 | AI65: 11134 | AJ65: 375 | AK65: 3612 | AL65: 213 | AM65: 30 | AN65: 1.14
A66: 15698 | B66: dumau | C66: Eduardo Wolkmer | D66: 18 | E66: Brazil | F66: 00NATION | G66: GODSENT, Yeah | H66: 9294 | I66: 7852 | J66: 41.60% | K66: 80.2 | L66: 4.7 | M66: 473 | N66: 12553 | O66: 0.74 | P66: 0.13 | Q66: 0.63 | R66: 0.08 | S66: 0.11 | T66: 6282 | U66: K - D diff. | V66: 1373 | W66: 1058 | X66: 1.3 | Y66: 1.07 | Z66: 73.60% | AA66: 15.60% | AB66: 6271 | AC66: 3982 | AD66: 1707 | AE66: 483 | AF66: 101 | AG66: 9 | AH66: 6343 | AI66: 1035 | AJ66: 267 | AK66: 1487 | AL66: 140 | AM66: 71 | AN66: 1.16
A67: 9895 | B67: mertz | C67: Daniel Mertz | D67: 23 | E67: Denmark | F67: No team | G67: North Academy, Heroic, North, Nordavind, Singularity | H67: 19077 | I67: 16483 | J67: 32.50% | K67: 77.4 | L67: 2.4 | M67: 955 | N67: 25333 | O67: 0.75 | P67: 0.1 | Q67: 0.65 | R67: 0.1 | S67: 0.1 | T67: 12723 | U67: K - D diff. | V67: 3710 | W67: 2616 | X67: 1.42 | Y67: 1.23 | Z67: 74.10% | AA67: 21.20% | AB67: 12610 | AC67: 7947 | AD67: 3448 | AE67: 1096 | AF67: 214 | AG67: 18 | AH67: 3881 | AI67: 10977 | AJ67: 630 | AK67: 3478 | AL67: 142 | AM67: 35 | AN67: 1.1
A68: 20097 | B68: h4rn | C68: Deyvid Benchev | D68: 22 | E68: Bulgaria | F68: Enterprise | G68: FATE, Fiend | H68: 10915 | I68: 9130 | J68: 28.60% | K68: 74.1 | L68: 3.3 | M68: 566 | N68: 15106 | O68: 0.72 | P68: 0.1 | Q68: 0.6 | R68: 0.09 | S68: 0.09 | T68: 7367 | U68: K - D diff. | V68: 1771 | W68: 1181 | X68: 1.5 | Y68: 1.12 | Z68: 75.40% | AA68: 17.30% | AB68: 7739 | AC68: 4690 | AD68: 1941 | AE68: 614 | AF68: 109 | AG68: 13 | AH68: 2778 | AI68: 6103 | AJ68: 221 | AK68: 1683 | AL68: 117 | AM68: 64 | AN68: 1.14
A69: 11264 | B69: WARDELL | C69: Matthew Yu | D69: 24 | E69: Canada | F69: No team | G69: Ghost, Bee's Money Crew, Orgless | H69: 11627 | I69: 9979 | J69: 27.20% | K69: 74.2 | L69: 2.1 | M69: 609 | N69: 15901 | O69: 0.73 | P69: 0.1 | Q69: 0.63 | R69: 0.09 | S69: 0.1 | T69: 7692 | U69: K - D diff. | V69: 2057 | W69: 1399 | X69: 1.47 | Y69: 1.17 | Z69: 72.30% | AA69: 18.50% | AB69: 8209 | AC69: 4738 | AD69: 2139 | AE69: 663 | AF69: 138 | AG69: 14 | AH69: 1523 | AI69: 7327 | AJ69: 605 | AK69: 2109 | AL69: 94 | AM69: 12 | AN69: 1.13
A70: 8789 | B70: mir | C70: Nikolay Bityukov | D70: 26 | E70: Russia | F70: Entropiq | G70: Spirit, Vega Squadron, Gambit | H70: 20159 | I70: 17517 | J70: 52.10% | K70: 81.4 | L70: 4.9 | M70: 1015 | N70: 26603 | O70: 0.76 | P70: 0.13 | Q70: 0.66 | R70: 0.1 | S70: 0.12 | T70: 13431 | U70: K - D diff. | V70: 3080 | W70: 2525 | X70: 1.22 | Y70: 1.09 | Z70: 74.20% | AA70: 16.50% | AB70: 13172 | AC70: 8352 | AD70: 3690 | AE70: 1148 | AF70: 222 | AG70: 19 | AH70: 15573 | AI70: 433 | AJ70: 876 | AK70: 3028 | AL70: 245 | AM70: 49 | AN70: 1.1
A71: 5021 | B71: swag | C71: Braxton Pierce | D71: 25 | E71: United States | F71: No team | G71: Swole Patrol, Torqued, iBUYPOWER, Lazarus | H71: 10527 | I71: 8898 | J71: 49.50% | K71: 77.6 | L71: 4.7 | M71: 556 | N71: 14447 | O71: 0.73 | P71: 0.14 | Q71: 0.62 | R71: 0.08 | S71: 0.09 | T71: 7071 | U71: K - D diff. | V71: 1395 | W71: 1165 | X71: 1.2 | Y71: 1.02 | Z71: 75.70% | AA71: 13.60% | AB71: 7376 | AC71: 4462 | AD71: 1915 | AE71: 564 | AF71: 122 | AG71: 8 | AH71: 6649 | AI71: 1365 | AJ71: 460 | AK71: 1847 | AL71: 172 | AM71: 55 | AN71: 1.1
A72: 8565 | B72: HEN1 | C72: Henrique Teles | D72: 27 | E72: Brazil | F72: No team | G72: Immortals, FURIA, Luminosity | H72: 20188 | I72: 16640 | J72: 28.80% | K72: 74.8 | L72: 3.8 | M72: 1101 | N72: 28598 | O72: 0.71 | P72: 0.12 | Q72: 0.58 | R72: 0.08 | S72: 0.09 | T72: 13719 | U72: K - D diff. | V72: 3022 | W72: 1984 | X72: 1.52 | Y72: 1.08 | Z72: 74.40% | AA72: 14.90% | AB72: 14879 | AC72: 8790 | AD72: 3642 | AE72: 1054 | AF72: 213 | AG72: 20 | AH72: 5239 | AI72: 10163 | AJ72: 896 | AK72: 3609 | AL72: 230 | AM72: 98 | AN72: 1.1
A73: 14505 | B73: ekul | C73: Luke Blakey | D73: 27 | E73: Australia | F73: No team | G73: Paradox, SYF | H73: 8895 | I73: 7909 | J73: 36.60% | K73: 80 | L73: 2.9 | M73: 452 | N73: 11703 | O73: 0.76 | P73: 0.11 | Q73: 0.68 | R73: 0.08 | S73: 0.09 | T73: 5842 | U73: K - D diff. | V73: 1757 | W73: 1334 | X73: 1.32 | Y73: 1.23 | Z73: 71.80% | AA73: 21.70% | AB73: 5861 | AC73: 3584 | AD73: 1605 | AE73: 526 | AF73: 112 | AG73: 15 | AH73: 3116 | AI73: 3874 | AJ73: 187 | AK73: 1615 | AL73: 77 | AM73: 43 | AN73: 1.14
A74: 16555 | B74: Ax1Le | C74: Sergey Rykhtorov | D74: 20 | E74: Russia | F74: Cloud9 | G74: Gambit Youngsters, Gambit | H74: 18478 | I74: 15914 | J74: 48.60% | K74: 80.4 | L74: 5.2 | M74: 957 | N74: 25369 | O74: 0.73 | P74: 0.14 | Q74: 0.63 | R74: 0.09 | S74: 0.09 | T74: 12233 | U74: K - D diff. | V74: 2763 | W74: 2265 | X74: 1.22 | Y74: 1.06 | Z74: 76.40% | AA74: 15.40% | AB74: 13136 | AC74: 7552 | AD74: 3377 | AE74: 1068 | AF74: 212 | AG74: 24 | AH74: 13952 | AI74: 687 | AJ74: 766 | AK74: 2819 | AL74: 265 | AM74: 47 | AN74: 1.16
A75: 18743 | B75: nython | C75: Gabriel Lino | D75: 24 | E75: Brazil | F75: paiN | G75: RED Canids, PaquetÃ¡, paiN | H75: 10480 | I75: 9064 | J75: 37.60% | K75: 76.7 | L75: 2.3 | M75: 524 | N75: 13953 | O75: 0.75 | P75: 0.11 | Q75: 0.65 | R75: 0.09 | S75: 0.1 | T75: 7048 | U75: K - D diff. | V75: 1772 | W75: 1254 | X75: 1.41 | Y75: 1.15 | Z75: 73.90% | AA75: 17.80% | AB75: 6905 | AC75: 4449 | AD75: 1899 | AE75: 575 | AF75: 117 | AG75: 8 | AH75: 4112 | AI75: 4257 | AJ75: 327 | AK75: 1734 | AL75: 60 | AM75: 19 | AN75: 1.14
A76: 11139 | B76: aliStair | C76: Alistair Johnston | D76: 24 | E76: Australia | F76: ORDER | G76: ORDER, Chiefs, Renegades | H76: 19564 | I76: 16750 | J76: 35.10% | K76: 76 | L76: 3.4 | M76: 1057 | N76: 26844 | O76: 0.73 | P76: 0.12 | Q76: 0.62 | R76: 0.09 | S76: 0.09 | T76: 13106 | U76: K - D diff. | V76: 3629 | W76: 2820 | X76: 1.29 | Y76: 1.17 | Z76: 77.30% | AA76: 18.70% | AB76: 13738 | AC76: 8245 | AD76: 3539 | AE76: 1072 | AF76: 225 | AG76: 25 | AH76: 7121 | AI76: 7659 | AJ76: 1103 | AK76: 3380 | AL76: 290 | AM76: 70 | AN76: 1.14
A77: 12271 | B77: moose | C77: Kaleb Jayne | D77: 24 | E77: Canada | F77: No team | G77: eUnited, Rise Nation | H77: 14503 | I77: 12528 | J77: 44.10% | K77: 79.2 | L77: 2 | M77: 752 | N77: 19559 | O77: 0.74 | P77: 0.12 | Q77: 0.64 | R77: 0.08 | S77: 0.09 | T77: 9691 | U77: K - D diff. | V77: 2043 | W77: 1500 | X77: 1.36 | Y77: 1.06 | Z77: 76.50% | AA77: 15.30% | AB77: 9868 | AC77: 6043 | AD77: 2660 | AE77: 828 | AF77: 144 | AG77: 16 | AH77: 10480 | AI77: 939 | AJ77: 753 | AK77: 2236 | AL77: 95 | AM77: 28 | AN77: 1.14
A78: 10263 | B78: xccurate | C78: Kevin Susanto | D78: 24 | E78: Indonesia | F78: NKT | G78: TYLOO, Recca, BTRG, NKT | H78: 13334 | I78: 11610 | J78: 31.20% | K78: 74.2 | L78: 1.9 | M78: 698 | N78: 18113 | O78: 0.74 | P78: 0.1 | Q78: 0.64 | R78: 0.1 | S78: 0.1 | T78: 8857 | U78: K - D diff. | V78: 2102 | W78: 1535 | X78: 1.37 | Y78: 1.11 | Z78: 75.80% | AA78: 16.50% | AB78: 9256 | AC78: 5525 | AD78: 2381 | AE78: 774 | AF78: 160 | AG78: 17 | AH78: 3313 | AI78: 6969 | AJ78: 605 | AK78: 2367 | AL78: 86 | AM78: 20 | AN78: 1.09
A79: 8370 | B79: mixwell | C79: Oscar CaÃ±ellas | D79: 26 | E79: Spain | F79: No team | G79: OpTic, Movistar Riders | H79: 16275 | I79: 14364 | J79: 38.10% | K79: 79.5 | L79: 5.7 | M79: 840 | N79: 21804 | O79: 0.75 | P79: 0.13 | Q79: 0.66 | R79: 0.1 | S79: 0.1 | T79: 10742 | U79: K - D diff. | V79: 2859 | W79: 2317 | X79: 1.23 | Y79: 1.15 | Z79: 74.40% | AA79: 18.60% | AB79: 11062 | AC79: 6669 | AD79: 2862 | AE79: 994 | AF79: 192 | AG79: 25 | AH79: 6823 | AI79: 5352 | AJ79: 807 | AK79: 2952 | AL79: 315 | AM79: 60 | AN79: 1.09
A80: 695 | B80: allu | C80: Aleksi Jalli | D80: 30 | E80: Finland | F80: temp | G80: ENCE, NIP, FaZe | H80: 31366 | I80: 27037 | J80: 28.60% | K80: 74.9 | L80: 3.6 | M80: 1615 | N80: 42334 | O80: 0.74 | P80: 0.11 | Q80: 0.64 | R80: 0.08 | S80: 0.09 | T80: 21027 | U80: K - D diff. | V80: 5021 | W80: 3302 | X80: 1.52 | Y80: 1.13 | Z80: 76.70% | AA80: 17.50% | AB80: 21307 | AC80: 13181 | AD80: 5782 | AE80: 1697 | AF80: 336 | AG80: 31 | AH80: 8713 | AI80: 15102 | AJ80: 1531 | AK80: 5345 | AL80: 503 | AM80: 216 | AN80: 1.09
A81: 8918 | B81: electroNic | C81: Denis Sharipov | D81: 23 | E81: Russia | F81: Natus Vincere | G81: Natus Vincere, FlipSid3 | H81: 25927 | I81: 22812 | J81: 50.30% | K81: 82.9 | L81: 4.6 | M81: 1318 | N81: 34779 | O81: 0.75 | P81: 0.14 | Q81: 0.66 | R81: 0.09 | S81: 0.1 | T81: 17140 | U81: K - D diff. | V81: 4084 | W81: 3621 | X81: 1.13 | Y81: 1.08 | Z81: 73.20% | AA81: 16.40% | AB81: 17639 | AC81: 10582 | AD81: 4708 | AE81: 1510 | AF81: 302 | AG81: 38 | AH81: 19820 | AI81: 199 | AJ81: 1387 | AK81: 4222 | AL81: 285 | AM81: 71 | AN81: 1.09
A82: 18221 | B82: Spinx | C82: Lotan Giladi | D82: 21 | E82: Israel | F82: ENCE | G82: ENCE, c0ntact | H82: 8661 | I82: 7619 | J82: 56.20% | K82: 78.7 | L82: 3.4 | M82: 442 | N82: 11732 | O82: 0.74 | P82: 0.11 | Q82: 0.65 | R82: 0.08 | S82: 0.1 | T82: 5714 | U82: K - D diff. | V82: 1178 | W82: 1080 | X82: 1.09 | Y82: 1.02 | Z82: 71.50% | AA82: 13.70% | AB82: 6018 | AC82: 3506 | AD82: 1611 | AE82: 474 | AF82: 104 | AG82: 19 | AH82: 6595 | AI82: 245 | AJ82: 252 | AK82: 1465 | AL82: 76 | AM82: 51 | AN82: 1.13
A83: 7266 | B83: syrsoN | C83: Florian Rische | D83: 26 | E83: Germany | F83: BIG | G83: BIG, ALTERNATE aTTaX, Sprout | H83: 33692 | I83: 29045 | J83: 29.40% | K83: 74.3 | L83: 2.5 | M83: 1735 | N83: 46095 | O83: 0.73 | P83: 0.1 | Q83: 0.63 | R83: 0.08 | S83: 0.09 | T83: 22550 | U83: K - D diff. | V83: 6366 | W83: 4518 | X83: 1.41 | Y83: 1.19 | Z83: 75.50% | AA83: 20.20% | AB83: 23545 | AC83: 14140 | AD83: 6097 | AE83: 1930 | AF83: 351 | AG83: 32 | AH83: 5382 | AI83: 20663 | AJ83: 1967 | AK83: 5329 | AL83: 318 | AM83: 117 | AN83: 1.09
A84: 15090 | B84: PwnAlone | C84: Josh Pigue | D84: 31 | E84: United States | F84: EG.PA | G84: Party Astronauts, New England Whalers, High Coast | H84: 17405 | I84: 15140 | J84: 31.70% | K84: 76.2 | L84: 3.4 | M84: 918 | N84: 23924 | O84: 0.73 | P84: 0.12 | Q84: 0.63 | R84: 0.1 | S84: 0.1 | T84: 11606 | U84: K - D diff. | V84: 2928 | W84: 2298 | X84: 1.27 | Y84: 1.12 | Z84: 73.70% | AA84: 17.40% | AB84: 12318 | AC84: 7279 | AD84: 3143 | AE84: 938 | AF84: 204 | AG84: 42 | AH84: 4610 | AI84: 8162 | AJ84: 846 | AK84: 3364 | AL84: 194 | AM84: 284 | AN84: 1.14
A85: 39 | B85: GeT_RiGhT | C85: Christopher Alesund | D85: 32 | E85: Sweden | F85: No team | G85: NIP | H85: 33271 | I85: 28973 | J85: 49.30% | K85: 76.6 | L85: 4.4 | M85: 1745 | N85: 45030 | O85: 0.74 | P85: 0.15 | Q85: 0.64 | R85: 0.09 | S85: 0.08 | T85: 22118 | U85: K - D diff. | V85: 4471 | W85: 4183 | X85: 1.07 | Y85: 1.01 | Z85: 76.10% | AA85: 14.00% | AB85: 22912 | AC85: 13750 | AD85: 6125 | AE85: 1838 | AF85: 359 | AG85: 46 | AH85: 24114 | AI85: 947 | AJ85: 2224 | AK85: 4999 | AL85: 464 | AM85: 548 | AN85: 1.09
A86: 8783 | B86: JUGi | C86: Jakob Hansen | D86: 25 | E86: Denmark | F86: No team | G86: Heroic, OpTic, Tricked, North | H86: 17527 | I86: 14851 | J86: 27.80% | K86: 74.1 | L86: 2.4 | M86: 940 | N86: 24427 | O86: 0.72 | P86: 0.1 | Q86: 0.61 | R86: 0.08 | S86: 0.1 | T86: 11901 | U86: K - D diff. | V86: 2942 | W86: 1904 | X86: 1.55 | Y86: 1.14 | Z86: 74.70% | AA86: 17.50% | AB86: 12526 | AC86: 7630 | AD86: 3146 | AE86: 913 | AF86: 194 | AG86: 18 | AH86: 4048 | AI86: 8877 | AJ86: 660 | AK86: 3768 | AL86: 177 | AM86: 31 | AN86: 1.09
A87: 10722 | B87: gas | C87: Yi Ding | D87: 26 | E87: China | F87: Wings Up | G87: Wings Up, LGD, EDG, Aster | H87: 9628 | I87: 8837 | J87: 60.00% | K87: 82.4 | L87: 2.3 | M87: 472 | N87: 12376 | O87: 0.78 | P87: 0.12 | Q87: 0.71 | R87: 0.09 | S87: 0.12 | T87: 6264 | U87: K - D diff. | V87: 1324 | W87: 1172 | X87: 1.13 | Y87: 1.04 | Z87: 73.10% | AA87: 16.00% | AB87: 6112 | AC87: 3794 | AD87: 1728 | AE87: 605 | AF87: 122 | AG87: 15 | AH87: 7439 | AI87: 22 | AJ87: 571 | AK87: 1530 | AL87: 64 | AM87: 20 | AN87: 1.12
A88: 18141 | B88: biguzera | C88: Rodrigo Bittencourt | D88: 25 | E88: Brazil | F88: paiN | G88: paiN | H88: 12001 | I88: 10404 | J88: 51.20% | K88: 80.6 | L88: 5.4 | M88: 622 | N88: 16530 | O88: 0.73 | P88: 0.15 | Q88: 0.63 | R88: 0.1 | S88: 0.11 | T88: 8019 | U88: K - D diff. | V88: 1689 | W88: 1506 | X88: 1.12 | Y88: 1.03 | Z88: 73.20% | AA88: 13.80% | AB88: 8511 | AC88: 5038 | AD88: 2151 | AE88: 676 | AF88: 137 | AG88: 17 | AH88: 9136 | AI88: 338 | AJ88: 550 | AK88: 1796 | AL88: 176 | AM88: 52 | AN88: 1.16
A89: 13980 | B89: lollipop21k | C89: Igor Solodkov | D89: 26 | E89: Belarus | F89: 1WIN | G89: Nemiga, GoodJob | H89: 23585 | I89: 21089 | J89: 49.20% | K89: 82 | L89: 3.7 | M89: 1172 | N89: 31354 | O89: 0.75 | P89: 0.13 | Q89: 0.67 | R89: 0.09 | S89: 0.1 | T89: 15620 | U89: K - D diff. | V89: 3106 | W89: 2483 | X89: 1.25 | Y89: 1.03 | Z89: 71.40% | AA89: 13.90% | AB89: 15734 | AC89: 9784 | AD89: 4105 | AE89: 1376 | AF89: 312 | AG89: 43 | AH89: 17821 | AI89: 260 | AJ89: 1602 | AK89: 3691 | AL89: 233 | AM89: 28 | AN89: 1.14
A90: 15007 | B90: Cooper | C90: Austin Abadir | D90: 28 | E90: United States | F90: Mythic | G90: Swole Patrol, eUnited, Triumph | H90: 14703 | I90: 12697 | J90: 32.40% | K90: 74 | L90: 2.2 | M90: 771 | N90: 19991 | O90: 0.74 | P90: 0.09 | Q90: 0.64 | R90: 0.09 | S90: 0.1 | T90: 9890 | U90: K - D diff. | V90: 2420 | W90: 1820 | X90: 1.33 | Y90: 1.12 | Z90: 75.10% | AA90: 17.30% | AB90: 10101 | AC90: 6220 | AD90: 2695 | AE90: 819 | AF90: 144 | AG90: 12 | AH90: 4855 | AI90: 6855 | AJ90: 504 | AK90: 2381 | AL90: 89 | AM90: 44 | AN90: 1.12
A91: 8575 | B91: Calyx | C91: BuÄŸra ArkÄ±n | D91: 24 | E91: Turkey | F91: No team | G91: Space Soldiers, Eternal Fire, DarkPassage | H91: 21198 | I91: 18350 | J91: 57.00% | K91: 77.4 | L91: 3.6 | M91: 1113 | N91: 29124 | O91: 0.73 | P91: 0.12 | Q91: 0.63 | R91: 0.09 | S91: 0.1 | T91: 14203 | U91: K - D diff. | V91: 2635 | W91: 2219 | X91: 1.19 | Y91: 0.99 | Z91: 74.20% | AA91: 12.60% | AB91: 14921 | AC91: 8951 | AD91: 3796 | AE91: 1196 | AF91: 234 | AG91: 26 | AH91: 14840 | AI91: 1145 | AJ91: 1491 | AK91: 3514 | AL91: 219 | AM91: 45 | AN91: 1.09
A92: 8711 | B92: Sonic | C92: Aran Groesbeek | D92: 23 | E92: South Africa | F92: No team | G92: Bravado, Extra Salt, Cloud9 | H92: 17758 | I92: 15541 | J92: 46.60% | K92: 78.5 | L92: 4.3 | M92: 940 | N92: 24238 | O92: 0.73 | P92: 0.13 | Q92: 0.64 | R92: 0.11 | S92: 0.12 | T92: 11844 | U92: K - D diff. | V92: 2668 | W92: 2096 | X92: 1.27 | Y92: 1.07 | Z92: 73.40% | AA92: 15.10% | AB92: 12394 | AC92: 7417 | AD92: 3215 | AE92: 960 | AF92: 229 | AG92: 23 | AH92: 10797 | AI92: 3452 | AJ92: 428 | AK92: 2795 | AL92: 233 | AM92: 122 | AN92: 1.09
A93: 1378 | B93: zehN | C93: Jesse Linjala | D93: 30 | E93: Finland | F93: HAVU | G93: HAVU, GODSENT, PENTA, FunPlus Phoenix | H93: 20665 | I93: 18281 | J93: 46.00% | K93: 80.3 | L93: 7.7 | M93: 1073 | N93: 28305 | O93: 0.73 | P93: 0.14 | Q93: 0.65 | R93: 0.08 | S93: 0.09 | T93: 13633 | U93: K - D diff. | V93: 2478 | W93: 2315 | X93: 1.07 | Y93: 0.97 | Z93: 75.10% | AA93: 12.60% | AB93: 14672 | AC93: 8453 | AD93: 3680 | AE93: 1182 | AF93: 284 | AG93: 34 | AH93: 14628 | AI93: 599 | AJ93: 1526 | AK93: 3366 | AL93: 503 | AM93: 78 | AN93: 1.09
A94: 9042 | B94: ryx | C94: Ronnie Bylicki | D94: 29 | E94: United States | F94: No team | G94: Echo Fox, Splyce, Ghost, Dignitas, Tempo Storm, Conquest | H94: 9797 | I94: 8616 | J94: 36.30% | K94: 83.7 | L94: 3.6 | M94: 491 | N94: 12856 | O94: 0.76 | P94: 0.16 | Q94: 0.67 | R94: 0.09 | S94: 0.12 | T94: 6615 | U94: K - D diff. | V94: 1145 | W94: 864 | X94: 1.33 | Y94: 1 | Z94: 76.80% | AA94: 13.50% | AB94: 6241 | AC94: 4174 | AD94: 1844 | AE94: 474 | AF94: 111 | AG94: 12 | AH94: 7011 | AI94: 135 | AJ94: 717 | AK94: 1794 | AL94: 131 | AM94: 26 | AN94: 1.09
A95: 12715 | B95: BL1TZ | C95: Peter Athanasatos | D95: 29 | E95: Australia | F95: No team | G95: Chiefs, Legacy, AVANT, Funky Monkeys | H95: 13957 | I95: 12329 | J95: 43.00% | K95: 75.2 | L95: 2.4 | M95: 732 | N95: 18819 | O95: 0.74 | P95: 0.1 | Q95: 0.66 | R95: 0.08 | S95: 0.09 | T95: 9266 | U95: K - D diff. | V95: 2293 | W95: 1838 | X95: 1.25 | Y95: 1.11 | Z95: 76.30% | AA95: 18.00% | AB95: 9553 | AC95: 5738 | AD95: 2570 | AE95: 770 | AF95: 171 | AG95: 17 | AH95: 6381 | AI95: 4569 | AJ95: 576 | AK95: 2343 | AL95: 96 | AM95: 28 | AN95: 1.1
A96: 8520 | B96: NAF | C96: Keith Markovic | D96: 24 | E96: Canada | F96: Liquid | G96: Liquid, OpTic | H96: 30083 | I96: 26060 | J96: 41.80% | K96: 81.4 | L96: 5.8 | M96: 1575 | N96: 41364 | O96: 0.73 | P96: 0.15 | Q96: 0.63 | R96: 0.1 | S96: 0.11 | T96: 20192 | U96: K - D diff. | V96: 3798 | W96: 3047 | X96: 1.25 | Y96: 1 | Z96: 75.10% | AA96: 12.90% | AB96: 21172 | AC96: 12729 | AD96: 5455 | AE96: 1640 | AF96: 330 | AG96: 38 | AH96: 19111 | AI96: 3089 | AJ96: 1848 | AK96: 5436 | AL96: 538 | AM96: 155 | AN96: 1.09
A97: 8576 | B97: ZOREE | C97: Lasse Uronen | D97: 28 | E97: Finland | F97: temp | G97: HAVU, iGame.com, SJ | H97: 31855 | I97: 27425 | J97: 32.30% | K97: 73.7 | L97: 3.7 | M97: 1661 | N97: 44157 | O97: 0.72 | P97: 0.1 | Q97: 0.62 | R97: 0.08 | S97: 0.1 | T97: 21438 | U97: K - D diff. | V97: 4748 | W97: 3508 | X97: 1.35 | Y97: 1.07 | Z97: 74.30% | AA97: 15.50% | AB97: 22719 | AC97: 13573 | AD97: 5715 | AE97: 1777 | AF97: 344 | AG97: 29 | AH97: 9260 | AI97: 15053 | AJ97: 1601 | AK97: 5526 | AL97: 328 | AM97: 141 | AN97: 1.09
A98: 7390 | B98: ScreaM | C98: Adil Benrlitom | D98: 28 | E98: Belgium | F98: No team | G98: Envy, G2, Titan, VeryGames | H98: 27501 | I98: 24396 | J98: 68.10% | K98: 79.1 | L98: 3.3 | M98: 1430 | N98: 37087 | O98: 0.74 | P98: 0.12 | Q98: 0.66 | R98: 0.1 | S98: 0.11 | T98: 18175 | U98: K - D diff. | V98: 3674 | W98: 3022 | X98: 1.22 | Y98: 1.03 | Z98: 73.00% | AA98: 14.00% | AB98: 18912 | AC98: 11244 | AD98: 4993 | AE98: 1557 | AF98: 342 | AG98: 39 | AH98: 20794 | AI98: 276 | AJ98: 987 | AK98: 5181 | AL98: 210 | AM98: 99 | AN98: 1.09
A99: 16848 | B99: hades | C99: Olek Miskiewicz | D99: 22 | E99: Poland | F99: ENCE | G99: ENCE, Wisla Krakow | H99: 11782 | I99: 10081 | J99: 29.80% | K99: 73.9 | L99: 2.3 | M99: 602 | N99: 16157 | O99: 0.73 | P99: 0.09 | Q99: 0.62 | R99: 0.07 | S99: 0.08 | T99: 8005 | U99: K - D diff. | V99: 1871 | W99: 1197 | X99: 1.56 | Y99: 1.12 | Z99: 75.80% | AA99: 17.00% | AB99: 8152 | AC99: 5102 | AD99: 2149 | AE99: 641 | AF99: 106 | AG99: 7 | AH99: 3304 | AI99: 6428 | AJ99: 111 | AK99: 1896 | AL99: 56 | AM99: 22 | AN99: 1.11
A100: 13466 | B100: dennyslaw | C100: Denislav Dimitrov | D100: 22 | E100: Bulgaria | F100: SKADE | G100: SKADE | H100: 23081 | I100: 20130 | J100: 31.40% | K100: 74.9 | L100: 2.9 | M100: 1173 | N100: 31580 | O100: 0.73 | P100: 0.1 | Q100: 0.64 | R100: 0.08 | S100: 0.1 | T100: 15427 | U100: K - D diff. | V100: 3935 | W100: 2767 | X100: 1.42 | Y100: 1.14 | Z100: 75.00% | AA100: 18.10% | AB100: 16153 | AC100: 9623 | AD100: 4269 | AE100: 1251 | AF100: 253 | AG100: 31 | AH100: 7579 | AI100: 11496 | AJ100: 588 | AK100: 3244 | AL100: 187 | AM100: 61 | AN100: 1.12
...

Sheet Dataset_Csplayers
A1: player_id | B1: nickname | C1: real_name | D1: age | E1: country | F1: current_team | G1: teams | H1: total_kills | I1: total_deaths | J1: headshot_percentage | K1: damage_per_round | L1: grenade_dmg_per_round | M1: maps_played | N1: rounds_played | O1: kills_per_round | P1: assists_per_round | Q1: deaths_per_round | R1: saved_by_teammate_per_round | S1: saved_teammates_per_round | T1: rounds_with_kills | U1: kill_to_death_diff | V1: total_opening_kills | W1: total_opening_deaths | X1: opening_kill_ratio | Y1: opening_kill_rating | Z1: team_win_percent_after_first_kill | AA1: first_kill_in_won_rounds | AB1: 0_kill_rounds | AC1: 1_kill_rounds | AD1: 2_kill_rounds | AE1: 3_kill_rounds | AF1: 4_kill_rounds | AG1: 5_kill_rounds | AH1: rifle_kills | AI1: sniper_kills | AJ1: smg_kills | AK1: pistol_kills | AL1: grenade_kills | AM1: other_kills | AN1: rating | AO1: KPI | AP1: Segmentacion | AS1: Intervalo
A2: 8346 | B2: jdm64 | C2: Josh Marzano | D2: 32 | E2: United States | F2: No team | G2: Liquid, CLG, Envy | H2: 14626 | I2: 13801 | J2: 23.60% | K2: 70.1 | L2: 2.9 | M2: 823 | N2: 21321 | O2: 0.69 | P2: 0.1 | Q2: 0.65 | R2: 0.1 | S2: 0.09 | T2: 9980 | U2: K - D diff. | V2: 2613 | W2: 1953 | X2: 1.34 | Y2: 1.13 | Z2: 74.30% | AA2: 17.90% | AB2: 11341 | AC2: 6437 | AD2: 2625 | AE2: 757 | AF2: 147 | AG2: 14 | AH2: 1539 | AI2: 9275 | AJ2: 1024 | AK2: 2645 | AL2: 146 | AM2: 19 | AN2: 1.02 | AO2: =AVERAGE(Tabla2[[#This Row],[total_kills]:[rating]]) -> 5320.3158 | AP2: =VLOOKUP(Tabla2[[#This Row],[KPI]],$AS$2:$AT$5,2,1) -> Alto | AS2: =MIN(AO:AO) -> 2253.55 | AT2: Bajo
A3: 7440 | B3: Skadoodle | C3: Tyler Latham | D3: 29 | E3: United States | F3: No team | G3: Cloud9 | H3: 18365 | I3: 15907 | J3: 24.80% | K3: 67.5 | L3: 2.7 | M3: 1047 | N3: 27129 | O3: 0.68 | P3: 0.11 | Q3: 0.59 | R3: 0.09 | S3: 0.09 | T3: 12658 | U3: K - D diff. | V3: 2832 | W3: 1829 | X3: 1.55 | Y3: 1.08 | Z3: 76.90% | AA3: 14.80% | AB3: 14471 | AC3: 8308 | AD3: 3226 | AE3: 931 | AF3: 172 | AG3: 21 | AH3: 3839 | AI3: 10111 | AJ3: 563 | AK3: 3592 | AL3: 238 | AM3: 44 | AN3: 1.06 | AO3: =AVERAGE(Tabla2[[#This Row],[total_kills]:[rating]]) -> 6593.8421 | AP3: =VLOOKUP(Tabla2[[#This Row],[KPI]],$AS$2:$AT$5,2,1) -> Alto | AS3: =QUARTILE(AO:AO,1) -> 3297.4684 | AT3: Medio
A4: 12733 | B4: xsepower | C4: Bogdan Chernikov | D4: 24 | E4: Russia | F4: K23 | G4: K23, forZe | H4: 24769 | I4: 20066 | J4: 24.90% | K4: 72.4 | L4: 2.2 | M4: 1282 | N4: 34452 | O4: 0.72 | P4: 0.08 | Q4: 0.58 | R4: 0.07 | S4: 0.08 | T4: 16798 | U4: K - D diff. | V4: 5002 | W4: 3073 | X4: 1.63 | Y4: 1.24 | Z4: 74.90% | AA4: 20.80% | AB4: 17654 | AC4: 10662 | AD4: 4559 | AE4: 1337 | AF4: 222 | AG4: 18 | AH4: 2339 | AI4: 17549 | AJ4: 825 | AK4: 3919 | AL4: 175 | AM4: 47 | AN4: 1.15 | AO4: =AVERAGE(Tabla2[[#This Row],[total_kills]:[rating]]) -> 8670.9474 | AP4: =VLOOKUP(Tabla2[[#This Row],[KPI]],$AS$2:$AT$5,2,1) -> Superior | AS4: =MEDIAN(AO:AO) -> 4807.5263 | AT4: Alto
A5: 10992 | B5: dragonfly | C5: Jacob Lund | D5: 25 | E5: Denmark | F5: ex-Maknitude | G5: Fragsters | H5: 9094 | I5: 8592 | J5: 25.10% | K5: 70.8 | L5: 3.1 | M5: 507 | N5: 13234 | O5: 0.69 | P5: 0.09 | Q5: 0.65 | R5: 0.09 | S5: 0.08 | T5: 6202 | U5: K - D diff. | V5: 1848 | W5: 1376 | X5: 1.34 | Y5: 1.19 | Z5: 75.60% | AA5: 20.80% | AB5: 7032 | AC5: 3997 | AD5: 1630 | AE5: 472 | AF5: 94 | AG5: 9 | AH5: 1259 | AI5: 5965 | AJ5: 379 | AK5: 1375 | AL5: 120 | AM5: 13 | AN5: 1.06 | AO5: =AVERAGE(Tabla2[[#This Row],[total_kills]:[rating]]) -> 3326.2105 | AP5: =VLOOKUP(Tabla2[[#This Row],[KPI]],$AS$2:$AT$5,2,1) -> Medio | AS5: =QUARTILE(AO:AO,3) -> 6902.5526 | AT5: Superior
A6: 13776 | B6: Jame | C6: Dzhami Ali | D6: 23 | E6: Russia | F6: Outsiders | G6: AVANGAR, Virtus.pro | H6: 22608 | I6: 17316 | J6: 25.20% | K6: 73 | L6: 3.9 | M6: 1189 | N6: 31521 | O6: 0.72 | P6: 0.09 | Q6: 0.55 | R6: 0.07 | S6: 0.09 | T6: 15469 | U6: K - D diff. | V6: 3753 | W6: 2089 | X6: 1.8 | Y6: 1.15 | Z6: 76.00% | AA6: 17.10% | AB6: 16052 | AC6: 10001 | AD6: 4041 | AE6: 1202 | AF6: 206 | AG6: 19 | AH6: 3061 | AI6: 14965 | AJ6: 1081 | AK6: 3198 | AL6: 252 | AM6: 137 | AN6: 1.17 | AO6: =AVERAGE(Tabla2[[#This Row],[total_kills]:[rating]]) -> 7411.65 | AP6: =VLOOKUP(Tabla2[[#This Row],[KPI]],$AS$2:$AT$5,2,1) -> Superior | AS6: =MAX(AO:AO) -> 14155.526
A7: 15255 | B7: Swahn | C7: Christopher Swahn | D7: 24 | E7: United States | F7: No team | G7: iNTACT, Bad News Bears, Detonate, Bushido Boyz | H7: 7290 | I7: 6722 | J7: 25.70% | K7: 72.5 | L7: 3.5 | M7: 397 | N7: 10421 | O7: 0.7 | P7: 0.1 | Q7: 0.65 | R7: 0.1 | S7: 0.1 | T7: 4937 | U7: K - D diff. | V7: 1221 | W7: 916 | X7: 1.33 | Y7: 1.11 | Z7: 73.20% | AA7: 18.00% | AB7: 5484 | AC7: 3148 | AD7: 1311 | AE7: 402 | AF7: 66 | AG7: 10 | AH7: 1161 | AI7: 4695 | AJ7: 184 | AK7: 1124 | AL7: 102 | AM7: 49 | AN7: 1.08 | AO7: =AVERAGE(Tabla2[[#This Row],[total_kills]:[rating]]) -> 2612.6316 | AP7: =VLOOKUP(Tabla2[[#This Row],[KPI]],$AS$2:$AT$5,2,1) -> Bajo
A8: 8707 | B8: ptr | C8: Peter Gurney | D8: 32 | E8: United States | F8: No team | G8: Bad News Bears, NRG, Complexity | H8: 20902 | I8: 18205 | J8: 26.00% | K8: 73.3 | L8: 3.4 | M8: 1132 | N8: 29624 | O8: 0.71 | P8: 0.11 | Q8: 0.61 | R8: 0.09 | S8: 0.1 | T8: 14117 | U8: K - D diff. | V8: 3363 | W8: 2286 | X8: 1.47 | Y8: 1.11 | Z8: 74.90% | AA8: 16.30% | AB8: 15507 | AC8: 8983 | AD8: 3752 | AE8: 1149 | AF8: 210 | AG8: 23 | AH8: 3177 | AI8: 12210 | AJ8: 1214 | AK8: 4103 | AL8: 185 | AM8: 55 | AN8: 1.07 | AO8: =AVERAGE(Tabla2[[#This Row],[total_kills]:[rating]]) -> 7378.7895 | AP8: =VLOOKUP(Tabla2[[#This Row],[KPI]],$AS$2:$AT$5,2,1) -> Superior
A9: 7413 | B9: Nico | C9: Nicolaj Jensen | D9: 30 | E9: Denmark | F9: No team | G9: Dignitas, CPH Wolves, Western Wolves | H9: 6738 | I9: 6191 | J9: 26.00% | K9: 80.6 | L9: 4.9 | M9: 399 | N9: 10074 | O9: 0.67 | P9: 0.12 | Q9: 0.61 | R9: 0.08 | S9: 0.14 | T9: 4644 | U9: K - D diff. | V9: 1165 | W9: 898 | X9: 1.3 | Y9: 1.1 | Z9: 76.40% | AA9: 16.80% | AB9: 5430 | AC9: 3033 | AD9: 1220 | AE9: 334 | AF9: 53 | AG9: 4 | AH9: 1314 | AI9: 3589 | AJ9: 119 | AK9: 1561 | AL9: 143 | AM9: 12 | AN9: 1.02 | AO9: =AVERAGE(Tabla2[[#This Row],[total_kills]:[rating]]) -> 2469.5263 | AP9: =VLOOKUP(Tabla2[[#This Row],[KPI]],$AS$2:$AT$5,2,1) -> Bajo
A10: 12699 | B10: STOMP | C10: Daniel PÅ‚omiÅ„ski | D10: 27 | E10: Poland | F10: No team | G10: x-kom, Izako Boars, Illuminar, HONORIS | H10: 15139 | I10: 13810 | J10: 26.10% | K10: 73.3 | L10: 3.9 | M10: 809 | N10: 21729 | O10: 0.7 | P10: 0.11 | Q10: 0.64 | R10: 0.08 | S10: 0.09 | T10: 10363 | U10: K - D diff. | V10: 2654 | W10: 2035 | X10: 1.3 | Y10: 1.12 | Z10: 73.70% | AA10: 18.10% | AB10: 11366 | AC10: 6696 | AD10: 2735 | AE10: 766 | AF10: 155 | AG10: 11 | AH10: 2551 | AI10: 9550 | AJ10: 371 | AK10: 2422 | AL10: 221 | AM10: 73 | AN10: 1.09 | AO10: =AVERAGE(Tabla2[[#This Row],[total_kills]:[rating]]) -> 5445.0526 | AP10: =VLOOKUP(Tabla2[[#This Row],[KPI]],$AS$2:$AT$5,2,1) -> Alto
A11: 7 | B11: Friis | C11: Michael JÃ¸rgensen | D11: 33 | E11: Denmark | F11: No team | G11: SK, fnatic, Heroic, Tricked | H11: 16356 | I11: 15609 | J11: 26.30% | K11: 69.4 | L11: 2.4 | M11: 938 | N11: 24254 | O11: 0.67 | P11: 0.11 | Q11: 0.64 | R11: 0.09 | S11: 0.08 | T11: 11183 | U11: K - D diff. | V11: 2869 | W11: 2320 | X11: 1.24 | Y11: 1.1 | Z11: 77.60% | AA11: 17.80% | AB11: 13071 | AC11: 7197 | AD11: 2987 | AE11: 852 | AF11: 139 | AG11: 8 | AH11: 3259 | AI11: 9150 | AJ11: 659 | AK11: 3027 | AL11: 242 | AM11: 29 | AN11: 1.01 | AO11: =AVERAGE(Tabla2[[#This Row],[total_kills]:[rating]]) -> 6007.8421 | AP11: =VLOOKUP(Tabla2[[#This Row],[KPI]],$AS$2:$AT$5,2,1) -> Alto
A12: 8724 | B12: 1uke | C12: Aleksey Zimin | D12: 29 | E12: Russia | F12: No team | G12: Spirit Academy, HOLLYWOOD, PLINK | H12: 11017 | I12: 10794 | J12: 26.40% | K12: 71.6 | L12: 2.2 | M12: 623 | N12: 16179 | O12: 0.68 | P12: 0.09 | Q12: 0.67 | R12: 0.08 | S12: 0.07 | T12: 7466 | U12: K - D diff. | V12: 2247 | W12: 1858 | X12: 1.21 | Y12: 1.17 | Z12: 73.30% | AA12: 20.70% | AB12: 8713 | AC12: 4715 | AD12: 2072 | AE12: 569 | AF12: 99 | AG12: 11 | AH12: 1576 | AI12: 7031 | AJ12: 601 | AK12: 1708 | AL12: 90 | AM12: 23 | AN12: 1 | AO12: =AVERAGE(Tabla2[[#This Row],[total_kills]:[rating]]) -> 3869.65 | AP12: =VLOOKUP(Tabla2[[#This Row],[KPI]],$AS$2:$AT$5,2,1) -> Medio
A13: 11283 | B13: ottoNd | C13: Otto Sihvo | D13: 24 | E13: Finland | F13: HAVU | G13: HAVU, Valiance, CR4ZY, c0ntact | H13: 16712 | I13: 14070 | J13: 26.90% | K13: 76.2 | L13: 3.3 | M13: 855 | N13: 22591 | O13: 0.74 | P13: 0.1 | Q13: 0.62 | R13: 0.09 | S13: 0.11 | T13: 11142 | U13: K - D diff. | V13: 2836 | W13: 1902 | X13: 1.49 | Y13: 1.15 | Z13: 75.50% | AA13: 18.00% | AB13: 11449 | AC13: 6904 | AD13: 3104 | AE13: 955 | AF13: 160 | AG13: 19 | AH13: 3782 | AI13: 9345 | AJ13: 556 | AK13: 2879 | AL13: 170 | AM13: 13 | AN13: 1.15 | AO13: =AVERAGE(Tabla2[[#This Row],[total_kills]:[rating]]) -> 5760.2105 | AP13: =VLOOKUP(Tabla2[[#This Row],[KPI]],$AS$2:$AT$5,2,1) -> Alto
A14: 14273 | B14: iDISBALANCE | C14: Artem Egorov | D14: 25 | E14: Russia | F14: Nemiga | G14: Nemiga, Spirit | H14: 16525 | I14: 14435 | J14: 27.00% | K14: 74.1 | L14: 2.5 | M14: 871 | N14: 23106 | O14: 0.72 | P14: 0.1 | Q14: 0.62 | R14: 0.09 | S14: 0.09 | T14: 11262 | U14: K - D diff. | V14: 2996 | W14: 1938 | X14: 1.55 | Y14: 1.18 | Z14: 74.70% | AA14: 18.90% | AB14: 11844 | AC14: 7233 | AD14: 2975 | AE14: 893 | AF14: 142 | AG14: 19 | AH14: 3811 | AI14: 9648 | AJ14: 323 | AK14: 2619 | AL14: 126 | AM14: 45 | AN14: 1.13 | AO14: =AVERAGE(Tabla2[[#This Row],[total_kills]:[rating]]) -> 5832.1579 | AP14: =VLOOKUP(Tabla2[[#This Row],[KPI]],$AS$2:$AT$5,2,1) -> Alto
A15: 13281 | B15: El1an | C15: Aleksei Gusev | D15: 23 | E15: Russia | F15: Entropiq | G15: Entropiq, Winstrike, EPG | H15: 26132 | I15: 21336 | J15: 27.10% | K15: 78.1 | L15: 2.7 | M15: 1304 | N15: 34783 | O15: 0.75 | P15: 0.11 | Q15: 0.61 | R15: 0.07 | S15: 0.08 | T15: 17472 | U15: K - D diff. | V15: 4718 | W15: 2938 | X15: 1.61 | Y15: 1.2 | Z15: 74.50% | AA15: 19.70% | AB15: 17311 | AC15: 10958 | AD15: 4691 | AE15: 1525 | AF15: 273 | AG15: 25 | AH15: 5031 | AI15: 16248 | AJ15: 396 | AK15: 4164 | AL15: 233 | AM15: 122 | AN15: 1.17 | AO15: =AVERAGE(Tabla2[[#This Row],[total_kills]:[rating]]) -> 8929.4737 | AP15: =VLOOKUP(Tabla2[[#This Row],[KPI]],$AS$2:$AT$5,2,1) -> Superior
A16: 9008 | B16: FANAT ROCKA | C16: Vasiliy Trusov | D16: 30 | E16: Russia | F16: VRTX | G16: Unique, Quantum Bellator Fire, Space Jam | H16: 8262 | I16: 7809 | J16: 27.10% | K16: 71.8 | L16: 2.8 | M16: 465 | N16: 12150 | O16: 0.68 | P16: 0.11 | Q16: 0.64 | R16: 0.08 | S16: 0.09 | T16: 5628 | U16: K - D diff. | V16: 1422 | W16: 1108 | X16: 1.28 | Y16: 1.1 | Z16: 74.50% | AA16: 17.90% | AB16: 6522 | AC16: 3630 | AD16: 1471 | AE16: 430 | AF16: 87 | AG16: 10 | AH16: 1655 | AI16: 4582 | AJ16: 182 | AK16: 1730 | AL16: 101 | AM16: 31 | AN16: 1.02 | AO16: =AVERAGE(Tabla2[[#This Row],[total_kills]:[rating]]) -> 3014.4737 | AP16: =VLOOKUP(Tabla2[[#This Row],[KPI]],$AS$2:$AT$5,2,1) -> Bajo
A17: 8727 | B17: waterfaLLZ | C17: Nikita Matveyev | D17: 27 | E17: Russia | F17: No team | G17: Quantum Bellator Fire, PiTER, AVE, EPG | H17: 16371 | I17: 16030 | J17: 27.10% | K17: 72.5 | L17: 3.2 | M17: 899 | N17: 23842 | O17: 0.69 | P17: 0.12 | Q17: 0.67 | R17: 0.09 | S17: 0.08 | T17: 11101 | U17: K - D diff. | V17: 2854 | W17: 2546 | X17: 1.12 | Y17: 1.09 | Z17: 72.50% | AA17: 17.50% | AB17: 12741 | AC17: 7085 | AD17: 2972 | AE17: 856 | AF17: 172 | AG17: 16 | AH17: 4556 | AI17: 8300 | AJ17: 464 | AK17: 2883 | AL17: 170 | AM17: 29 | AN17: 1 | AO17: =AVERAGE(Tabla2[[#This Row],[total_kills]:[rating]]) -> 5694.4 | AP17: =VLOOKUP(Tabla2[[#This Row],[KPI]],$AS$2:$AT$5,2,1) -> Alto
A18: 11264 | B18: WARDELL | C18: Matthew Yu | D18: 24 | E18: Canada | F18: No team | G18: Ghost, Bee's Money Crew, Orgless | H18: 11627 | I18: 9979 | J18: 27.20% | K18: 74.2 | L18: 2.1 | M18: 609 | N18: 15901 | O18: 0.73 | P18: 0.1 | Q18: 0.63 | R18: 0.09 | S18: 0.1 | T18: 7692 | U18: K - D diff. | V18: 2057 | W18: 1399 | X18: 1.47 | Y18: 1.17 | Z18: 72.30% | AA18: 18.50% | AB18: 8209 | AC18: 4738 | AD18: 2139 | AE18: 663 | AF18: 138 | AG18: 14 | AH18: 1523 | AI18: 7327 | AJ18: 605 | AK18: 2109 | AL18: 94 | AM18: 12 | AN18: 1.13 | AO18: =AVERAGE(Tabla2[[#This Row],[total_kills]:[rating]]) -> 4043.9474 | AP18: =VLOOKUP(Tabla2[[#This Row],[KPI]],$AS$2:$AT$5,2,1) -> Medio
A19: 2544 | B19: remix | C19: Victor Monteiro | D19: 28 | E19: Brazil | F19: ODDIK | G19: Liberty, Redemption POA, UNO MILLE | H19: 7551 | I19: 6978 | J19: 27.30% | K19: 71.7 | L19: 2 | M19: 398 | N19: 10626 | O19: 0.71 | P19: 0.09 | Q19: 0.66 | R19: 0.09 | S19: 0.09 | T19: 5061 | U19: K - D diff. | V19: 1275 | W19: 942 | X19: 1.35 | Y19: 1.12 | Z19: 74.50% | AA19: 17.50% | AB19: 5565 | AC19: 3220 | AD19: 1314 | AE19: 418 | AF19: 96 | AG19: 13 | AH19: 1140 | AI19: 4956 | AJ19: 247 | AK19: 1168 | AL19: 43 | AM19: 16 | AN19: 1.07 | AO19: =AVERAGE(Tabla2[[#This Row],[total_kills]:[rating]]) -> 2551.45 | AP19: =VLOOKUP(Tabla2[[#This Row],[KPI]],$AS$2:$AT$5,2,1) -> Bajo
A20: 11748 | B20: raafa | C20: Rafael Lima | D20: 28 | E20: Brazil | F20: No team | G20: W7M, Keyd | H20: 11650 | I20: 10558 | J20: 27.40% | K20: 72.4 | L20: 3.7 | M20: 640 | N20: 16832 | O20: 0.69 | P20: 0.11 | Q20: 0.63 | R20: 0.07 | S20: 0.08 | T20: 7934 | U20: K - D diff. | V20: 1948 | W20: 1683 | X20: 1.16 | Y20: 1.08 | Z20: 76.30% | AA20: 17.10% | AB20: 8898 | AC20: 5105 | AD20: 2087 | AE20: 606 | AF20: 127 | AG20: 9 | AH20: 3059 | AI20: 5846 | AJ20: 589 | AK20: 2008 | AL20: 157 | AM20: 29 | AN20: 1.07 | AO20: =AVERAGE(Tabla2[[#This Row],[total_kills]:[rating]]) -> 4198.1579 | AP20: =VLOOKUP(Tabla2[[#This Row],[KPI]],$AS$2:$AT$5,2,1) -> Medio
A21: 7964 | B21: cadiaN | C21: Casper MÃ¸ller | D21: 27 | E21: Denmark | F21: Heroic | G21: Heroic, Rogue, SK | H21: 27065 | I21: 24531 | J21: 27.60% | K21: 73.3 | L21: 4.6 | M21: 1475 | N21: 38976 | O21: 0.69 | P21: 0.11 | Q21: 0.63 | R21: 0.09 | S21: 0.08 | T21: 18532 | U21: K - D diff. | V21: 4972 | W21: 3775 | X21: 1.32 | Y21: 1.14 | Z21: 75.30% | AA21: 18.60% | AB21: 20444 | AC21: 12006 | AD21: 4844 | AE21: 1390 | AF21: 268 | AG21: 24 | AH21: 6605 | AI21: 13070 | AJ21: 2144 | AK21: 4790 | AL21: 367 | AM21: 172 | AN21: 1.04 | AO21: =AVERAGE(Tabla2[[#This Row],[total_kills]:[rating]]) -> 9760.5263 | AP21: =VLOOKUP(Tabla2[[#This Row],[KPI]],$AS$2:$AT$5,2,1) -> Superior
A22: 10698 | B22: kolor | C22: ÃdÃ¡m Domoszlay | D22: 22 | E22: Hungary | F22: cowana | G22: GameAgents, Budapest Five, EURONICS | H22: 10309 | I22: 10009 | J22: 27.60% | K22: 73.3 | L22: 2.1 | M22: 558 | N22: 14585 | O22: 0.71 | P22: 0.11 | Q22: 0.69 | R22: 0.1 | S22: 0.12 | T22: 6933 | U22: K - D diff. | V22: 1744 | W22: 1525 | X22: 1.14 | Y22: 1.09 | Z22: 73.50% | AA22: 18.50% | AB22: 7652 | AC22: 4414 | AD22: 1815 | AE22: 563 | AF22: 129 | AG22: 12 | AH22: 2297 | AI22: 5702 | AJ22: 513 | AK22: 1717 | AL22: 82 | AM22: 24 | AN22: 1.05 | AO22: =AVERAGE(Tabla2[[#This Row],[total_kills]:[rating]]) -> 3714.8947 | AP22: =VLOOKUP(Tabla2[[#This Row],[KPI]],$AS$2:$AT$5,2,1) -> Medio
A23: 1088 | B23: liTTle | C23: Anatoliy Yashin | D23: 33 | E23: Russia | F23: HellRaisers | G23: forZe, RuSh3D, Spartak, Enso | H23: 9317 | I23: 7766 | J23: 27.70% | K23: 78.5 | L23: 2.6 | M23: 457 | N23: 12154 | O23: 0.77 | P23: 0.1 | Q23: 0.64 | R23: 0.07 | S23: 0.09 | T23: 6279 | U23: K - D diff. | V23: 1595 | W23: 1041 | X23: 1.53 | Y23: 1.18 | Z23: 71.60% | AA23: 19.00% | AB23: 5875 | AC23: 3952 | AD23: 1735 | AE23: 484 | AF23: 99 | AG23: 9 | AH23: 1248 | AI23: 5656 | AJ23: 105 | AK23: 2206 | AL23: 112 | AM23: 7 | AN23: 1.12 | AO23: =AVERAGE(Tabla2[[#This Row],[total_kills]:[rating]]) -> 3163 | AP23: =VLOOKUP(Tabla2[[#This Row],[KPI]],$AS$2:$AT$5,2,1) -> Bajo
A24: 16920 | B24: sh1ro | C24: Dmitry Sokolov | D24: 21 | E24: Russia | F24: Cloud9 | G24: Gambit Youngsters, Gambit | H24: 18091 | I24: 12492 | J24: 27.80% | K24: 78.6 | L24: 3.9 | M24: 884 | N24: 23451 | O24: 0.77 | P24: 0.11 | Q24: 0.53 | R24: 0.08 | S24: 0.11 | T24: 11950 | U24: K - D diff. | V24: 2705 | W24: 1383 | X24: 1.96 | Y24: 1.15 | Z24: 77.00% | AA24: 16.20% | AB24: 11501 | AC24: 7416 | AD24: 3208 | AE24: 1075 | AF24: 221 | AG24: 30 | AH24: 3791 | AI24: 10580 | AJ24: 550 | AK24: 3008 | AL24: 175 | AM24: 70 | AN24: 1.26 | AO24: =AVERAGE(Tabla2[[#This Row],[total_kills]:[rating]]) -> 5925.3158 | AP24: =VLOOKUP(Tabla2[[#This Row],[KPI]],$AS$2:$AT$5,2,1) -> Alto
A25: 11271 | B25: smooya | C25: Owen Butterfield | D25: 22 | E25: United Kingdom | F25: No team | G25: BIG, Movistar Riders, Epsilon | H25: 18466 | I25: 14617 | J25: 27.80% | K25: 79.3 | L25: 2.5 | M25: 888 | N25: 23515 | O25: 0.79 | P25: 0.1 | Q25: 0.62 | R25: 0.08 | S25: 0.1 | T25: 11971 | U25: K - D diff. | V25: 3187 | W25: 2183 | X25: 1.46 | Y25: 1.19 | Z25: 76.10% | AA25: 19.80% | AB25: 11544 | AC25: 7188 | AD25: 3367 | AE25: 1141 | AF25: 254 | AG25: 21 | AH25: 4786 | AI25: 9692 | AJ25: 584 | AK25: 3283 | AL25: 141 | AM25: 31 | AN25: 1.2 | AO25: =AVERAGE(Tabla2[[#This Row],[total_kills]:[rating]]) -> 6150.4737 | AP25: =VLOOKUP(Tabla2[[#This Row],[KPI]],$AS$2:$AT$5,2,1) -> Alto
A26: 8783 | B26: JUGi | C26: Jakob Hansen | D26: 25 | E26: Denmark | F26: No team | G26: Heroic, OpTic, Tricked, North | H26: 17527 | I26: 14851 | J26: 27.80% | K26: 74.1 | L26: 2.4 | M26: 940 | N26: 24427 | O26: 0.72 | P26: 0.1 | Q26: 0.61 | R26: 0.08 | S26: 0.1 | T26: 11901 | U26: K - D diff. | V26: 2942 | W26: 1904 | X26: 1.55 | Y26: 1.14 | Z26: 74.70% | AA26: 17.50% | AB26: 12526 | AC26: 7630 | AD26: 3146 | AE26: 913 | AF26: 194 | AG26: 18 | AH26: 4048 | AI26: 8877 | AJ26: 660 | AK26: 3768 | AL26: 177 | AM26: 31 | AN26: 1.09 | AO26: =AVERAGE(Tabla2[[#This Row],[total_kills]:[rating]]) -> 6130.5263 | AP26: =VLOOKUP(Tabla2[[#This Row],[KPI]],$AS$2:$AT$5,2,1) -> Alto
A27: 11219 | B27: CeRq | C27: Tsvetelin Dimitrov | D27: 22 | E27: Bulgaria | F27: Evil Geniuses | G27: Evil Geniuses, NRG, Outlaws | H27: 22812 | I27: 19387 | J27: 27.90% | K27: 74.2 | L27: 2.4 | M27: 1199 | N27: 31114 | O27: 0.73 | P27: 0.1 | Q27: 0.62 | R27: 0.1 | S27: 0.11 | T27: 15199 | U27: K - D diff. | V27: 3923 | W27: 2745 | X27: 1.43 | Y27: 1.15 | Z27: 75.10% | AA27: 18.00% | AB27: 15915 | AC27: 9524 | AD27: 4043 | AE27: 1347 | AF27: 264 | AG27: 21 | AH27: 5642 | AI27: 12614 | AJ27: 716 | AK27: 3714 | AL27: 150 | AM27: 30 | AN27: 1.14 | AO27: =AVERAGE(Tabla2[[#This Row],[total_kills]:[rating]]) -> 7913.6316 | AP27: =VLOOKUP(Tabla2[[#This Row],[KPI]],$AS$2:$AT$5,2,1) -> Superior
A28: 7403 | B28: WorldEdit | C28: Georgi Yaskin | D28: 30 | E28: Russia | F28: No team | G28: FlipSid3, pro100, Winstrike | H28: 25226 | I28: 22750 | J28: 28.00% | K28: 75 | L28: 2.6 | M28: 1328 | N28: 34716 | O28: 0.73 | P28: 0.12 | Q28: 0.66 | R28: 0.08 | S28: 0.08 | T28: 16893 | U28: K - D diff. | V28: 4415 | W28: 3319 | X28: 1.33 | Y28: 1.14 | Z28: 73.30% | AA28: 18.80% | AB28: 17823 | AC28: 10626 | AD28: 4553 | AE28: 1414 | AF28: 269 | AG28: 31 | AH28: 5963 | AI28: 13131 | AJ28: 1045 | AK28: 4780 | AL28: 244 | AM28: 82 | AN28: 1.07 | AO28: =AVERAGE(Tabla2[[#This Row],[total_kills]:[rating]]) -> 8434.15 | AP28: =VLOOKUP(Tabla2[[#This Row],[KPI]],$AS$2:$AT$5,2,1) -> Superior
A29: 964 | B29: mou | C29: Rustem Telepov | D29: 30 | E29: Kazakhstan | F29: No team | G29: Gambit, K23, HellRaisers, Syman | H29: 28048 | I29: 25564 | J29: 28.00% | K29: 73.9 | L29: 4 | M29: 1489 | N29: 39475 | O29: 0.71 | P29: 0.11 | Q29: 0.65 | R29: 0.08 | S29: 0.09 | T29: 18989 | U29: K - D diff. | V29: 4836 | W29: 3930 | X29: 1.23 | Y29: 1.11 | Z29: 74.30% | AA29: 17.80% | AB29: 20486 | AC29: 12087 | AD29: 5072 | AE29: 1536 | AF29: 274 | AG29: 20 | AH29: 6302 | AI29: 15808 | AJ29: 813 | AK29: 4672 | AL29: 413 | AM29: 77 | AN29: 1.05 | AO29: =AVERAGE(Tabla2[[#This Row],[total_kills]:[rating]]) -> 9494.75 | AP29: =VLOOKUP(Tabla2[[#This Row],[KPI]],$AS$2:$AT$5,2,1) -> Superior
A30: 4373 | B30: EasTor | C30: Rajohn Linato | D30: 28 | E30: Spain | F30: No team | G30: Movistar Riders, OFFSET | H30: 9017 | I30: 8646 | J30: 28.30% | K30: 68.7 | L30: 2.8 | M30: 500 | N30: 13298 | O30: 0.68 | P30: 0.09 | Q30: 0.65 | R30: 0.1 | S30: 0.1 | T30: 6177 | U30: K - D diff. | V30: 1530 | W30: 1214 | X30: 1.26 | Y30: 1.09 | Z30: 72.20% | AA30: 16.70% | AB30: 7121 | AC30: 4014 | AD30: 1616 | AE30: 431 | AF30: 102 | AG30: 14 | AH30: 1874 | AI30: 5193 | AJ30: 474 | AK30: 1390 | AL30: 86 | AM30: 17 | AN30: 1.01 | AO30: =AVERAGE(Tabla2[[#This Row],[total_kills]:[rating]]) -> 3300.7368 | AP30: =VLOOKUP(Tabla2[[#This Row],[KPI]],$AS$2:$AT$5,2,1) -> Medio
A31: 16847 | B31: mhL | C31: MiÅ‚osz Knasiak | D31: 20 | E31: Poland | F31: MOUZ NXT | G31: MOUZ NXT, AGO | H31: 10241 | I31: 8484 | J31: 28.50% | K31: 80 | L31: 3.8 | M31: 498 | N31: 13378 | O31: 0.77 | P31: 0.12 | Q31: 0.63 | R31: 0.1 | S31: 0.11 | T31: 6773 | U31: K - D diff. | V31: 1656 | W31: 1114 | X31: 1.49 | Y31: 1.15 | Z31: 76.70% | AA31: 18.40% | AB31: 6605 | AC31: 4156 | AD31: 1896 | AE31: 596 | AF31: 120 | AG31: 5 | AH31: 2444 | AI31: 5801 | AJ31: 181 | AK31: 1687 | AL31: 153 | AM31: 16 | AN31: 1.17 | AO31: =AVERAGE(Tabla2[[#This Row],[total_kills]:[rating]]) -> 3294.2 | AP31: =VLOOKUP(Tabla2[[#This Row],[KPI]],$AS$2:$AT$5,2,1) -> Bajo
A32: 20097 | B32: h4rn | C32: Deyvid Benchev | D32: 22 | E32: Bulgaria | F32: Enterprise | G32: FATE, Fiend | H32: 10915 | I32: 9130 | J32: 28.60% | K32: 74.1 | L32: 3.3 | M32: 566 | N32: 15106 | O32: 0.72 | P32: 0.1 | Q32: 0.6 | R32: 0.09 | S32: 0.09 | T32: 7367 | U32: K - D diff. | V32: 1771 | W32: 1181 | X32: 1.5 | Y32: 1.12 | Z32: 75.40% | AA32: 17.30% | AB32: 7739 | AC32: 4690 | AD32: 1941 | AE32: 614 | AF32: 109 | AG32: 13 | AH32: 2778 | AI32: 6103 | AJ32: 221 | AK32: 1683 | AL32: 117 | AM32: 64 | AN32: 1.14 | AO32: =AVERAGE(Tabla2[[#This Row],[total_kills]:[rating]]) -> 3795.1579 | AP32: =VLOOKUP(Tabla2[[#This Row],[KPI]],$AS$2:$AT$5,2,1) -> Medio
A33: 695 | B33: allu | C33: Aleksi Jalli | D33: 30 | E33: Finland | F33: temp | G33: ENCE, NIP, FaZe | H33: 31366 | I33: 27037 | J33: 28.60% | K33: 74.9 | L33: 3.6 | M33: 1615 | N33: 42334 | O33: 0.74 | P33: 0.11 | Q33: 0.64 | R33: 0.08 | S33: 0.09 | T33: 21027 | U33: K - D diff. | V33: 5021 | W33: 3302 | X33: 1.52 | Y33: 1.13 | Z33: 76.70% | AA33: 17.50% | AB33: 21307 | AC33: 13181 | AD33: 5782 | AE33: 1697 | AF33: 336 | AG33: 31 | AH33: 8713 | AI33: 15102 | AJ33: 1531 | AK33: 5345 | AL33: 503 | AM33: 216 | AN33: 1.09 | AO33: =AVERAGE(Tabla2[[#This Row],[total_kills]:[rating]]) -> 10812.947 | AP33: =VLOOKUP(Tabla2[[#This Row],[KPI]],$AS$2:$AT$5,2,1) -> Superior
A34: 13228 | B34: Voltage | C34: Logan Long | D34: 22 | E34: United States | F34: ONET4P | G34: The Quest, Triumph, SoaR, Dignitas | H34: 7407 | I34: 6823 | J34: 28.60% | K34: 67.6 | L34: 2.8 | M34: 438 | N34: 11278 | O34: 0.66 | P34: 0.09 | Q34: 0.6 | R34: 0.09 | S34: 0.1 | T34: 5139 | U34: K - D diff. | V34: 1165 | W34: 896 | X34: 1.3 | Y34: 1.05 | Z34: 73.70% | AA34: 14.90% | AB34: 6139 | AC34: 3402 | AD34: 1288 | AE34: 376 | AF34: 64 | AG34: 9 | AH34: 1985 | AI34: 3683 | AJ34: 379 | AK34: 1257 | AL34: 94 | AM34: 18 | AN34: 1.05 | AO34: =AVERAGE(Tabla2[[#This Row],[total_kills]:[rating]]) -> 2728.4211 | AP34: =VLOOKUP(Tabla2[[#This Row],[KPI]],$AS$2:$AT$5,2,1) -> Bajo
A35: 17930 | B35: wiz | C35: Jerric Jiang | D35: 21 | E35: United States | F35: EG.CD | G35: RBG, Carpe Diem | H35: 8682 | I35: 8582 | J35: 28.70% | K35: 68.9 | L35: 4.3 | M35: 501 | N35: 13291 | O35: 0.65 | P35: 0.1 | Q35: 0.65 | R35: 0.09 | S35: 0.09 | T35: 6034 | U35: K - D diff. | V35: 1323 | W35: 1080 | X35: 1.23 | Y35: 1.03 | Z35: 73.60% | AA35: 14.60% | AB35: 7257 | AC35: 3982 | AD35: 1557 | AE35: 405 | AF35: 79 | AG35: 11 | AH35: 2235 | AI35: 4685 | AJ35: 217 | AK35: 1434 | AL35: 110 | AM35: 37 | AN35: 1.02 | AO35: =AVERAGE(Tabla2[[#This Row],[total_kills]:[rating]]) -> 3236.9474 | AP35: =VLOOKUP(Tabla2[[#This Row],[KPI]],$AS$2:$AT$5,2,1) -> Bajo
A36: 8565 | B36: HEN1 | C36: Henrique Teles | D36: 27 | E36: Brazil | F36: No team | G36: Immortals, FURIA, Luminosity | H36: 20188 | I36: 16640 | J36: 28.80% | K36: 74.8 | L36: 3.8 | M36: 1101 | N36: 28598 | O36: 0.71 | P36: 0.12 | Q36: 0.58 | R36: 0.08 | S36: 0.09 | T36: 13719 | U36: K - D diff. | V36: 3022 | W36: 1984 | X36: 1.52 | Y36: 1.08 | Z36: 74.40% | AA36: 14.90% | AB36: 14879 | AC36: 8790 | AD36: 3642 | AE36: 1054 | AF36: 213 | AG36: 20 | AH36: 5239 | AI36: 10163 | AJ36: 896 | AK36: 3609 | AL36: 230 | AM36: 98 | AN36: 1.1 | AO36: =AVERAGE(Tabla2[[#This Row],[total_kills]:[rating]]) -> 7057.1053 | AP36: =VLOOKUP(Tabla2[[#This Row],[KPI]],$AS$2:$AT$5,2,1) -> Superior
A37: 17793 | B37: smiley | C37: Algat Abdul | D37: 25 | E37: Kazakhstan | F37: Unique | G37: Unique, 100PG, Se7en | H37: 8764 | I37: 8133 | J37: 28.80% | K37: 72.5 | L37: 3.3 | M37: 478 | N37: 12883 | O37: 0.68 | P37: 0.1 | Q37: 0.63 | R37: 0.08 | S37: 0.09 | T37: 6052 | U37: K - D diff. | V37: 1593 | W37: 1167 | X37: 1.37 | Y37: 1.13 | Z37: 74.20% | AA37: 18.50% | AB37: 6831 | AC37: 3944 | AD37: 1597 | AE37: 425 | AF37: 79 | AG37: 7 | AH37: 2009 | AI37: 5245 | AJ37: 213 | AK37: 1233 | AL37: 75 | AM37: 13 | AN37: 1.07 | AO37: =AVERAGE(Tabla2[[#This Row],[total_kills]:[rating]]) -> 3196.8947 | AP37: =VLOOKUP(Tabla2[[#This Row],[KPI]],$AS$2:$AT$5,2,1) -> Bajo
A38: 9288 | B38: TOR | C38: Tosapol Saekow | D38: 29 | E38: Thailand | F38: No team | G38: Signature, Beyond | H38: 8271 | I38: 7614 | J38: 28.90% | K38: 77 | L38: 2.9 | M38: 452 | N38: 11472 | O38: 0.72 | P38: 0.12 | Q38: 0.66 | R38: 0.08 | S38: 0.09 | T38: 5547 | U38: K - D diff. | V38: 1363 | W38: 1102 | X38: 1.24 | Y38: 1.1 | Z38: 79.10% | AA38: 17.90% | AB38: 5925 | AC38: 3512 | AD38: 1469 | AE38: 454 | AF38: 101 | AG38: 11 | AH38: 3205 | AI38: 3251 | AJ38: 528 | AK38: 1231 | AL38: 54 | AM38: 23 | AN38: 1.06 | AO38: =AVERAGE(Tabla2[[#This Row],[total_kills]:[rating]]) -> 2783.1 | AP38: =VLOOKUP(Tabla2[[#This Row],[KPI]],$AS$2:$AT$5,2,1) -> Bajo
A39: 7383 | B39: zqkS | C39: Caio Fonseca | D39: 30 | E39: Brazil | F39: Corinthians | G39: Imperial, Yeah, Keyd | H39: 13308 | I39: 12620 | J39: 28.90% | K39: 69.5 | L39: 3.8 | M39: 780 | N39: 20206 | O39: 0.66 | P39: 0.12 | Q39: 0.62 | R39: 0.09 | S39: 0.09 | T39: 9254 | U39: K - D diff. | V39: 2398 | W39: 1798 | X39: 1.33 | Y39: 1.11 | Z39: 73.90% | AA39: 17.40% | AB39: 10952 | AC39: 6105 | AD39: 2389 | AE39: 635 | AF39: 114 | AG39: 11 | AH39: 2972 | AI39: 7363 | AJ39: 575 | AK39: 2187 | AL39: 176 | AM39: 71 | AN39: 1 | AO39: =AVERAGE(Tabla2[[#This Row],[total_kills]:[rating]]) -> 4695.75 | AP39: =VLOOKUP(Tabla2[[#This Row],[KPI]],$AS$2:$AT$5,2,1) -> Medio
A40: 7996 | B40: CRUC1AL | C40: Joey Steusel | D40: 25 | E40: Netherlands | F40: Endpoint | G40: Endpoint, Epsilon | H40: 27809 | I40: 25011 | J40: 29.00% | K40: 73.7 | L40: 2.6 | M40: 1472 | N40: 38605 | O40: 0.72 | P40: 0.1 | Q40: 0.65 | R40: 0.1 | S40: 0.11 | T40: 18614 | U40: K - D diff. | V40: 4950 | W40: 3491 | X40: 1.42 | Y40: 1.16 | Z40: 74.50% | AA40: 18.80% | AB40: 19991 | AC40: 11708 | AD40: 5020 | AE40: 1523 | AF40: 324 | AG40: 39 | AH40: 6954 | AI40: 15051 | AJ40: 839 | AK40: 4693 | AL40: 272 | AM40: 66 | AN40: 1.07 | AO40: =AVERAGE(Tabla2[[#This Row],[total_kills]:[rating]]) -> 9812.2105 | AP40: =VLOOKUP(Tabla2[[#This Row],[KPI]],$AS$2:$AT$5,2,1) -> Superior
A41: 18072 | B41: torzsi | C41: ÃdÃ¡m TorzsÃ¡s | D41: 20 | E41: Hungary | F41: MOUZ | G41: MOUZ, Budapest Five, MOUZ NXT, Salamander | H41: 9904 | I41: 7896 | J41: 29.10% | K41: 78 | L41: 2.5 | M41: 478 | N41: 12776 | O41: 0.78 | P41: 0.09 | Q41: 0.62 | R41: 0.08 | S41: 0.11 | T41: 6499 | U41: K - D diff. | V41: 1578 | W41: 1028 | X41: 1.54 | Y41: 1.15 | Z41: 76.20% | AA41: 18.30% | AB41: 6277 | AC41: 4001 | AD41: 1751 | AE41: 603 | AF41: 128 | AG41: 16 | AH41: 2352 | AI41: 5696 | AJ41: 183 | AK41: 1606 | AL41: 83 | AM41: 39 | AN41: 1.18 | AO41: =AVERAGE(Tabla2[[#This Row],[total_kills]:[rating]]) -> 3148.6 | AP41: =VLOOKUP(Tabla2[[#This Row],[KPI]],$AS$2:$AT$5,2,1) -> Bajo
A42: 5799 | B42: keev | C42: Kevin BartholomÃ¤us | D42: 30 | E42: Germany | F42: No team | G42: ALTERNATE aTTaX, BIG, KILLERFISH | H42: 11408 | I42: 10191 | J42: 29.10% | K42: 73.6 | L42: 2.8 | M42: 594 | N42: 15524 | O42: 0.73 | P42: 0.09 | Q42: 0.66 | R42: 0.08 | S42: 0.08 | T42: 7599 | U42: K - D diff. | V42: 2319 | W42: 1664 | X42: 1.39 | Y42: 1.23 | Z42: 75.40% | AA42: 22.00% | AB42: 7925 | AC42: 4764 | AD42: 2037 | AE42: 638 | AF42: 145 | AG42: 15 | AH42: 1226 | AI42: 6634 | AJ42: 1105 | AK42: 2267 | AL42: 117 | AM42: 70 | AN42: 1.08 | AO42: =AVERAGE(Tabla2[[#This Row],[total_kills]:[rating]]) -> 4012.7368 | AP42: =VLOOKUP(Tabla2[[#This Row],[KPI]],$AS$2:$AT$5,2,1) -> Medio
A43: 2529 | B43: Maluk3 | C43: Pedro Campos | D43: 32 | E43: Brazil | F43: TeamOne | G43: TeamOne | H43: 19000 | I43: 17886 | J43: 29.10% | K43: 72.4 | L43: 5.3 | M43: 1064 | N43: 27603 | O43: 0.69 | P43: 0.11 | Q43: 0.65 | R43: 0.09 | S43: 0.08 | T43: 13043 | U43: K - D diff. | V43: 3367 | W43: 2551 | X43: 1.32 | Y43: 1.12 | Z43: 74.40% | AA43: 17.50% | AB43: 14560 | AC43: 8459 | AD43: 3421 | AE43: 967 | AF43: 182 | AG43: 14 | AH43: 4040 | AI43: 10792 | AJ43: 735 | AK43: 3036 | AL43: 375 | AM43: 65 | AN43: 1.07 | AO43: =AVERAGE(Tabla2[[#This Row],[total_kills]:[rating]]) -> 6903.1579 | AP43: =VLOOKUP(Tabla2[[#This Row],[KPI]],$AS$2:$AT$5,2,1) -> Superior
A44: 16726 | B44: phzy | C44: Love Smidebrant | D44: 19 | E44: Sweden | F44: No team | G44: Young Ninjas, NIP | H44: 8450 | I44: 7744 | J44: 29.20% | K44: 72 | L44: 2.6 | M44: 461 | N44: 12400 | O44: 0.68 | P44: 0.1 | Q44: 0.62 | R44: 0.09 | S44: 0.08 | T44: 5769 | U44: K - D diff. | V44: 1213 | W44: 1029 | X44: 1.18 | Y44: 1.02 | Z44: 74.30% | AA44: 14.60% | AB44: 6631 | AC44: 3724 | AD44: 1505 | AE44: 454 | AF44: 76 | AG44: 10 | AH44: 2736 | AI44: 3909 | AJ44: 181 | AK44: 1552 | AL44: 67 | AM44: 48 | AN44: 1.07 | AO44: =AVERAGE(Tabla2[[#This Row],[total_kills]:[rating]]) -> 2901.55 | AP44: =VLOOKUP(Tabla2[[#This Row],[KPI]],$AS$2:$AT$5,2,1) -> Bajo
A45: 18736 | B45: pz | C45: Jordan White | D45: 22 | E45: Australia | F45: VERTEX | G45: VERTEX, TRUCKERS WITH ATTITUDE, Airborne | H45: 8219 | I45: 7244 | J45: 29.30% | K45: 75.7 | L45: 5.4 | M45: 441 | N45: 11492 | O45: 0.72 | P45: 0.12 | Q45: 0.63 | R45: 0.09 | S45: 0.09 | T45: 5488 | U45: K - D diff. | V45: 1400 | W45: 1053 | X45: 1.33 | Y45: 1.12 | Z45: 73.60% | AA45: 17.40% | AB45: 6004 | AC45: 3451 | AD45: 1463 | AE45: 462 | AF45: 104 | AG45: 8 | AH45: 2227 | AI45: 4198 | AJ45: 276 | AK45: 1337 | AL45: 156 | AM45: 54 | AN45: 1.12 | AO45: =AVERAGE(Tabla2[[#This Row],[total_kills]:[rating]]) -> 2898.7895 | AP45: =VLOOKUP(Tabla2[[#This Row],[KPI]],$AS$2:$AT$5,2,1) -> Bajo
A46: 9574 | B46: snatchie | C46: MichaÅ‚ Rudzki | D46: 24 | E46: Poland | F46: No team | G46: AGO, Virtus.pro, Sprout | H46: 30207 | I46: 27738 | J46: 29.30% | K46: 72.6 | L46: 1.6 | M46: 1557 | N46: 41766 | O46: 0.72 | P46: 0.09 | Q46: 0.66 | R46: 0.08 | S46: 0.09 | T46: 19967 | U46: K - D diff. | V46: 5450 | W46: 4320 | X46: 1.26 | Y46: 1.15 | Z46: 74.90% | AA46: 19.10% | AB46: 21799 | AC46: 12351 | AD46: 5464 | AE46: 1727 | AF46: 378 | AG46: 47 | AH46: 6210 | AI46: 17827 | AJ46: 1226 | AK46: 4710 | AL46: 192 | AM46: 98 | AN46: 1.06 | AO46: =AVERAGE(Tabla2[[#This Row],[total_kills]:[rating]]) -> 10686 | AP46: =VLOOKUP(Tabla2[[#This Row],[KPI]],$AS$2:$AT$5,2,1) -> Superior
A47: 7266 | B47: syrsoN | C47: Florian Rische | D47: 26 | E47: Germany | F47: BIG | G47: BIG, ALTERNATE aTTaX, Sprout | H47: 33692 | I47: 29045 | J47: 29.40% | K47: 74.3 | L47: 2.5 | M47: 1735 | N47: 46095 | O47: 0.73 | P47: 0.1 | Q47: 0.63 | R47: 0.08 | S47: 0.09 | T47: 22550 | U47: K - D diff. | V47: 6366 | W47: 4518 | X47: 1.41 | Y47: 1.19 | Z47: 75.50% | AA47: 20.20% | AB47: 23545 | AC47: 14140 | AD47: 6097 | AE47: 1930 | AF47: 351 | AG47: 32 | AH47: 5382 | AI47: 20663 | AJ47: 1967 | AK47: 5329 | AL47: 318 | AM47: 117 | AN47: 1.09 | AO47: =AVERAGE(Tabla2[[#This Row],[total_kills]:[rating]]) -> 11782.737 | AP47: =VLOOKUP(Tabla2[[#This Row],[KPI]],$AS$2:$AT$5,2,1) -> Superior
A48: 14494 | B48: junior | C48: Paytyn Johnson | D48: 21 | E48: United States | F48: Complexity | G48: Triumph, Bad News Bears, Complexity, FURIA | H48: 8904 | I48: 7642 | J48: 29.40% | K48: 70.7 | L48: 2.2 | M48: 485 | N48: 12690 | O48: 0.7 | P48: 0.09 | Q48: 0.6 | R48: 0.08 | S48: 0.1 | T48: 6086 | U48: K - D diff. | V48: 1419 | W48: 905 | X48: 1.57 | Y48: 1.11 | Z48: 72.00% | AA48: 15.90% | AB48: 6604 | AC48: 3887 | AD48: 1664 | AE48: 456 | AF48: 74 | AG48: 5 | AH48: 1821 | AI48: 5469 | AJ48: 127 | AK48: 1434 | AL48: 60 | AM48: 19 | AN48: 1.1 | AO48: =AVERAGE(Tabla2[[#This Row],[total_kills]:[rating]]) -> 3144.7895 | AP48: =VLOOKUP(Tabla2[[#This Row],[KPI]],$AS$2:$AT$5,2,1) -> Bajo
A49: 15370 | B49: slaxz- | C49: Fritz Dietrich | D49: 23 | E49: Germany | F49: Sprout | G49: Sprout, ALTERNATE aTTaX | H49: 17820 | I49: 15712 | J49: 29.50% | K49: 72.6 | L49: 3.2 | M49: 936 | N49: 25351 | O49: 0.7 | P49: 0.1 | Q49: 0.62 | R49: 0.09 | S49: 0.09 | T49: 12039 | U49: K - D diff. | V49: 3330 | W49: 2173 | X49: 1.53 | Y49: 1.18 | Z49: 73.50% | AA49: 19.00% | AB49: 13312 | AC49: 7691 | AD49: 3157 | AE49: 978 | AF49: 184 | AG49: 29 | AH49: 2771 | AI49: 11847 | AJ49: 415 | AK49: 2660 | AL49: 151 | AM49: 43 | AN49: 1.11 | AO49: =AVERAGE(Tabla2[[#This Row],[total_kills]:[rating]]) -> 6347.3158 | AP49: =VLOOKUP(Tabla2[[#This Row],[KPI]],$AS$2:$AT$5,2,1) -> Alto
A50: 2757 | B50: GuardiaN | C50: Ladislav KovÃ¡cs | D50: 31 | E50: Slovakia | F50: Sampi | G50: Natus Vincere, FaZe | H50: 30535 | I50: 25774 | J50: 29.60% | K50: 71.8 | L50: 2.8 | M50: 1578 | N50: 41357 | O50: 0.74 | P50: 0.11 | Q50: 0.62 | R50: 0.08 | S50: 0.09 | T50: 20238 | U50: K - D diff. | V50: 5307 | W50: 3777 | X50: 1.41 | Y50: 1.16 | Z50: 76.40% | AA50: 18.60% | AB50: 21119 | AC50: 12563 | AD50: 5497 | AE50: 1828 | AF50: 313 | AG50: 37 | AH50: 6940 | AI50: 17441 | AJ50: 706 | AK50: 5096 | AL50: 326 | AM50: 68 | AN50: 1.11 | AO50: =AVERAGE(Tabla2[[#This Row],[total_kills]:[rating]]) -> 10552.632 | AP50: =VLOOKUP(Tabla2[[#This Row],[KPI]],$AS$2:$AT$5,2,1) -> Superior
A51: 11276 | B51: MarkoÅ› | C51: Kuba Markowski | D51: 23 | E51: Poland | F51: FLET | G51: AVEZ, Wisla Krakow | H51: 12341 | I51: 11539 | J51: 29.60% | K51: 71.7 | L51: 3.2 | M51: 682 | N51: 18314 | O51: 0.67 | P51: 0.11 | Q51: 0.63 | R51: 0.08 | S51: 0.08 | T51: 8511 | U51: K - D diff. | V51: 1954 | W51: 1519 | X51: 1.29 | Y51: 1.06 | Z51: 72.30% | AA51: 15.50% | AB51: 9803 | AC51: 5531 | AD51: 2266 | AE51: 589 | AF51: 114 | AG51: 11 | AH51: 3439 | AI51: 6309 | AJ51: 488 | AK51: 1964 | AL51: 136 | AM51: 38 | AN51: 1.06 | AO51: =AVERAGE(Tabla2[[#This Row],[total_kills]:[rating]]) -> 4502.5263 | AP51: =VLOOKUP(Tabla2[[#This Row],[KPI]],$AS$2:$AT$5,2,1) -> Medio
A52: 8255 | B52: CyberFocus | C52: Roman Dergach | D52: 27 | E52: Belarus | F52: No team | G52: Nemiga, K29, Rebels, Empire | H52: 9080 | I52: 8760 | J52: 29.70% | K52: 74.2 | L52: 2 | M52: 491 | N52: 12779 | O52: 0.71 | P52: 0.11 | Q52: 0.69 | R52: 0.08 | S52: 0.08 | T52: 6112 | U52: K - D diff. | V52: 1736 | W52: 1383 | X52: 1.26 | Y52: 1.17 | Z52: 70.60% | AA52: 20.20% | AB52: 6667 | AC52: 3869 | AD52: 1654 | AE52: 472 | AF52: 101 | AG52: 16 | AH52: 2153 | AI52: 4835 | AJ52: 340 | AK52: 1655 | AL52: 86 | AM52: 17 | AN52: 1.02 | AO52: =AVERAGE(Tabla2[[#This Row],[total_kills]:[rating]]) -> 3110.4 | AP52: =VLOOKUP(Tabla2[[#This Row],[KPI]],$AS$2:$AT$5,2,1) -> Bajo
A53: 16848 | B53: hades | C53: Olek Miskiewicz | D53: 22 | E53: Poland | F53: ENCE | G53: ENCE, Wisla Krakow | H53: 11782 | I53: 10081 | J53: 29.80% | K53: 73.9 | L53: 2.3 | M53: 602 | N53: 16157 | O53: 0.73 | P53: 0.09 | Q53: 0.62 | R53: 0.07 | S53: 0.08 | T53: 8005 | U53: K - D diff. | V53: 1871 | W53: 1197 | X53: 1.56 | Y53: 1.12 | Z53: 75.80% | AA53: 17.00% | AB53: 8152 | AC53: 5102 | AD53: 2149 | AE53: 641 | AF53: 106 | AG53: 7 | AH53: 3304 | AI53: 6428 | AJ53: 111 | AK53: 1896 | AL53: 56 | AM53: 22 | AN53: 1.11 | AO53: =AVERAGE(Tabla2[[#This Row],[total_kills]:[rating]]) -> 4087.8421 | AP53: =VLOOKUP(Tabla2[[#This Row],[KPI]],$AS$2:$AT$5,2,1) -> Medio
A54: 3543 | B54: DJOXiC | C54: ÄorÄ‘e NiciforoviÄ‡ | D54: 29 | E54: Serbia | F54: GamerS1337 | G54: Binary Dragons, iNation, Valiance | H54: 9002 | I54: 7798 | J54: 29.80% | K54: 73 | L54: 2.9 | M54: 489 | N54: 12531 | O54: 0.72 | P54: 0.1 | Q54: 0.62 | R54: 0.09 | S54: 0.1 | T54: 6060 | U54: K - D diff. | V54: 1599 | W54: 1141 | X54: 1.4 | Y54: 1.15 | Z54: 75.90% | AA54: 18.10% | AB54: 6471 | AC54: 3811 | AD54: 1653 | AE54: 508 | AF54: 80 | AG54: 8 | AH54: 1914 | AI54: 4730 | AJ54: 539 | AK54: 1693 | AL54: 99 | AM54: 45 | AN54: 1.08 | AO54: =AVERAGE(Tabla2[[#This Row],[total_kills]:[rating]]) -> 3012.2 | AP54: =VLOOKUP(Tabla2[[#This Row],[KPI]],$AS$2:$AT$5,2,1) -> Bajo
A55: 7980 | B55: DESPE | C55: Ã‡aÄŸatay Sedef | D55: 29 | E55: Turkey | F55: No team | G55: Space Soldiers | H55: 8068 | I55: 7748 | J55: 29.80% | K55: 68.7 | L55: 2.5 | M55: 468 | N55: 12127 | O55: 0.67 | P55: 0.11 | Q55: 0.64 | R55: 0.08 | S55: 0.08 | T55: 5555 | U55: K - D diff. | V55: 1436 | W55: 1231 | X55: 1.17 | Y55: 1.09 | Z55: 75.60% | AA55: 16.70% | AB55: 6572 | AC55: 3661 | AD55: 1391 | AE55: 403 | AF55: 86 | AG55: 14 | AH55: 1996 | AI55: 3956 | AJ55: 496 | AK55: 1549 | AL55: 70 | AM55: 6 | AN55: 1.01 | AO55: =AVERAGE(Tabla2[[#This Row],[total_kills]:[rating]]) -> 2991.2105 | AP55: =VLOOKUP(Tabla2[[#This Row],[KPI]],$AS$2:$AT$5,2,1) -> Bajo
A56: 10560 | B56: yel | C56: Gustavo Knittel | D56: 30 | E56: Brazil | F56: No team | G56: Luminosity, INTZ, MIBR | H56: 16256 | I56: 15220 | J56: 29.90% | K56: 71.6 | L56: 3 | M56: 930 | N56: 24064 | O56: 0.68 | P56: 0.11 | Q56: 0.63 | R56: 0.09 | S56: 0.09 | T56: 11243 | U56: K - D diff. | V56: 2888 | W56: 2403 | X56: 1.2 | Y56: 1.1 | Z56: 72.20% | AA56: 17.00% | AB56: 12821 | AC56: 7369 | AD56: 2901 | AE56: 825 | AF56: 130 | AG56: 18 | AH56: 4976 | AI56: 7335 | AJ56: 989 | AK56: 2769 | AL56: 186 | AM56: 46 | AN56: 1.02 | AO56: =AVERAGE(Tabla2[[#This Row],[total_kills]:[rating]]) -> 5668.6 | AP56: =VLOOKUP(Tabla2[[#This Row],[KPI]],$AS$2:$AT$5,2,1) -> Alto
A57: 7965 | B57: larsen | C57: Sebastian Larsen | D57: 25 | E57: Denmark | F57: Tricked | G57: Tricked, Movistar Riders | H57: 10597 | I57: 10456 | J57: 30.00% | K57: 70 | L57: 4.2 | M57: 607 | N57: 16049 | O57: 0.66 | P57: 0.1 | Q57: 0.65 | R57: 0.09 | S57: 0.07 | T57: 7364 | U57: K - D diff. | V57: 1905 | W57: 1487 | X57: 1.28 | Y57: 1.11 | Z57: 71.80% | AA57: 17.50% | AB57: 8685 | AC57: 4903 | AD57: 1836 | AE57: 494 | AF57: 115 | AG57: 16 | AH57: 2537 | AI57: 5796 | AJ57: 328 | AK57: 1785 | AL57: 143 | AM57: 34 | AN57: 0.99 | AO57: =AVERAGE(Tabla2[[#This Row],[total_kills]:[rating]]) -> 3760.35 | AP57: =VLOOKUP(Tabla2[[#This Row],[KPI]],$AS$2:$AT$5,2,1) -> Medio
A58: 8503 | B58: fl0m | C58: Erik Flom | D58: 29 | E58: United States | F58: Mythic | G58: Mythic | H58: 12430 | I58: 11781 | J58: 30.10% | K58: 74 | L58: 3.6 | M58: 674 | N58: 17775 | O58: 0.7 | P58: 0.12 | Q58: 0.66 | R58: 0.1 | S58: 0.1 | T58: 8451 | U58: K - D diff. | V58: 1929 | W58: 1696 | X58: 1.14 | Y58: 1.05 | Z58: 72.90% | AA58: 16.30% | AB58: 9324 | AC58: 5411 | AD58: 2256 | AE58: 647 | AF58: 121 | AG58: 16 | AH58: 3698 | AI58: 5521 | AJ58: 570 | AK58: 2427 | AL58: 164 | AM58: 82 | AN58: 1.03 | AO58: =AVERAGE(Tabla2[[#This Row],[total_kills]:[rating]]) -> 4252.35 | AP58: =VLOOKUP(Tabla2[[#This Row],[KPI]],$AS$2:$AT$5,2,1) -> Medio
A59: 9279 | B59: Relaxa | C59: Joakim Gustafsson | D59: 29 | E59: Sweden | F59: No team | G59: Chaos, Red Reserve, Japaleno, Apeks, Galaxy Racer | H59: 21475 | I59: 19530 | J59: 30.20% | K59: 72.5 | L59: 4.3 | M59: 1203 | N59: 32043 | O59: 0.67 | P59: 0.12 | Q59: 0.61 | R59: 0.09 | S59: 0.09 | T59: 14869 | U59: K - D diff. | V59: 3384 | W59: 2520 | X59: 1.34 | Y59: 1.06 | Z59: 73.40% | AA59: 15.40% | AB59: 17174 | AC59: 9754 | AD59: 3860 | AE59: 1042 | AF59: 190 | AG59: 23 | AH59: 6922 | AI59: 9827 | AJ59: 608 | AK59: 3788 | AL59: 308 | AM59: 107 | AN59: 1.03 | AO59: =AVERAGE(Tabla2[[#This Row],[total_kills]:[rating]]) -> 7822.4737 | AP59: =VLOOKUP(Tabla2[[#This Row],[KPI]],$AS$2:$AT$5,2,1) -> Superior
A60: 8950 | B60: Kaze | C60: Andrew Khong | D60: 28 | E60: Malaysia | F60: Rare Atom | G60: ViCi, Flash, MVP.karnal | H60: 17675 | I60: 13384 | J60: 30.30% | K60: 80.1 | L60: 2.9 | M60: 864 | N60: 22588 | O60: 0.78 | P60: 0.11 | Q60: 0.59 | R60: 0.08 | S60: 0.1 | T60: 11485 | U60: K - D diff. | V60: 2688 | W60: 1586 | X60: 1.69 | Y60: 1.14 | Z60: 76.50% | AA60: 17.00% | AB60: 11103 | AC60: 6900 | AD60: 3249 | AE60: 1094 | AF60: 216 | AG60: 26 | AH60: 4893 | AI60: 9053 | AJ60: 577 | AK60: 2834 | AL60: 172 | AM60: 203 | AN60: 1.19 | AO60: =AVERAGE(Tabla2[[#This Row],[total_kills]:[rating]]) -> 5820.5263 | AP60: =VLOOKUP(Tabla2[[#This Row],[KPI]],$AS$2:$AT$5,2,1) -> Alto
A61: 798 | B61: oskar | C61: TomÃ¡Å¡ Å Å¥astnÃ½ | D61: 31 | E61: Czech Republic | F61: Tokyo Revengers | G61: MOUZ, SINNERS, HellRaisers | H61: 29371 | I61: 24509 | J61: 30.50% | K61: 78.2 | L61: 3.4 | M61: 1460 | N61: 38504 | O61: 0.76 | P61: 0.1 | Q61: 0.64 | R61: 0.07 | S61: 0.08 | T61: 19306 | U61: K - D diff. | V61: 5123 | W61: 3652 | X61: 1.4 | Y61: 1.17 | Z61: 73.40% | AA61: 18.90% | AB61: 19198 | AC61: 11802 | AD61: 5377 | AE61: 1731 | AF61: 363 | AG61: 33 | AH61: 5625 | AI61: 16854 | AJ61: 1023 | AK61: 5191 | AL61: 335 | AM61: 406 | AN61: 1.13 | AO61: =AVERAGE(Tabla2[[#This Row],[total_kills]:[rating]]) -> 9992.7895 | AP61: =VLOOKUP(Tabla2[[#This Row],[KPI]],$AS$2:$AT$5,2,1) -> Superior
A62: 7982 | B62: to1nou | C62: Antoine Pirard | D62: 27 | E62: Belgium | F62: FiveG | G62: LDLC, LDLC White | H62: 15196 | I62: 14676 | J62: 30.50% | K62: 68.8 | L62: 2.2 | M62: 850 | N62: 22377 | O62: 0.68 | P62: 0.1 | Q62: 0.66 | R62: 0.09 | S62: 0.1 | T62: 10426 | U62: K - D diff. | V62: 2480 | W62: 1873 | X62: 1.32 | Y62: 1.08 | Z62: 73.50% | AA62: 16.30% | AB62: 11951 | AC62: 6828 | AD62: 2622 | AE62: 802 | AF62: 159 | AG62: 15 | AH62: 3874 | AI62: 7273 | AJ62: 641 | AK62: 3230 | AL62: 135 | AM62: 65 | AN62: 1.01 | AO62: =AVERAGE(Tabla2[[#This Row],[total_kills]:[rating]]) -> 5551.2105 | AP62: =VLOOKUP(Tabla2[[#This Row],[KPI]],$AS$2:$AT$5,2,1) -> Alto
A63: 14390 | B63: WOOD7 | C63: Adriano Cerato | D63: 27 | E63: Brazil | F63: No team | G63: Bravos, MIBR, RED Canids | H63: 9283 | I63: 9009 | J63: 30.50% | K63: 71.4 | L63: 5.9 | M63: 547 | N63: 14292 | O63: 0.65 | P63: 0.12 | Q63: 0.63 | R63: 0.08 | S63: 0.08 | T63: 6560 | U63: K - D diff. | V63: 1380 | W63: 1236 | X63: 1.12 | Y63: 1.01 | Z63: 74.70% | AA63: 14.00% | AB63: 7732 | AC63: 4389 | AD63: 1690 | AE63: 419 | AF63: 53 | AG63: 9 | AH63: 3869 | AI63: 2792 | AJ63: 1034 | AK63: 1439 | AL63: 150 | AM63: 29 | AN63: 1.04 | AO63: =AVERAGE(Tabla2[[#This Row],[total_kills]:[rating]]) -> 3469.0526 | AP63: =VLOOKUP(Tabla2[[#This Row],[KPI]],$AS$2:$AT$5,2,1) -> Medio
A64: 11815 | B64: anarkez | C64: Guy Trachtman | D64: 22 | E64: Israel | F64: Finest | G64: Finest, Secret | H64: 13986 | I64: 12553 | J64: 30.80% | K64: 73.3 | L64: 2.3 | M64: 724 | N64: 19400 | O64: 0.72 | P64: 0.09 | Q64: 0.65 | R64: 0.09 | S64: 0.08 | T64: 9354 | U64: K - D diff. | V64: 2661 | W64: 1967 | X64: 1.35 | Y64: 1.18 | Z64: 74.50% | AA64: 20.20% | AB64: 10046 | AC64: 5890 | AD64: 2489 | AE64: 796 | AF64: 165 | AG64: 14 | AH64: 2631 | AI64: 8746 | AJ64: 408 | AK64: 2127 | AL64: 89 | AM64: 35 | AN64: 1.11 | AO64: =AVERAGE(Tabla2[[#This Row],[total_kills]:[rating]]) -> 4951.6316 | AP64: =VLOOKUP(Tabla2[[#This Row],[KPI]],$AS$2:$AT$5,2,1) -> Alto
A65: 2023 | B65: FalleN | C65: Gabriel Toledo | D65: 31 | E65: Brazil | F65: Imperial | G65: SK, MIBR, Luminosity | H65: 28701 | I65: 25025 | J65: 30.80% | K65: 71.7 | L65: 3.5 | M65: 1583 | N65: 41454 | O65: 0.69 | P65: 0.11 | Q65: 0.6 | R65: 0.08 | S65: 0.08 | T65: 19590 | U65: K - D diff. | V65: 4884 | W65: 3394 | X65: 1.44 | Y65: 1.12 | Z65: 73.80% | AA65: 16.20% | AB65: 21864 | AC65: 12623 | AD65: 5154 | AE65: 1518 | AF65: 263 | AG65: 32 | AH65: 6574 | AI65: 15689 | AJ65: 1414 | AK65: 4540 | AL65: 357 | AM65: 194 | AN65: 1.06 | AO65: =AVERAGE(Tabla2[[#This Row],[total_kills]:[rating]]) -> 10255.421 | AP65: =VLOOKUP(Tabla2[[#This Row],[KPI]],$AS$2:$AT$5,2,1) -> Superior
A66: 18835 | B66: saffee | C66: Rafael Costa | D66: 27 | E66: Brazil | F66: FURIA | G66: FURIA, paiN | H66: 8482 | I66: 6517 | J66: 30.90% | K66: 80.2 | L66: 3 | M66: 404 | N66: 10701 | O66: 0.79 | P66: 0.1 | Q66: 0.61 | R66: 0.08 | S66: 0.1 | T66: 5488 | U66: K - D diff. | V66: 1309 | W66: 892 | X66: 1.47 | Y66: 1.14 | Z66: 76.10% | AA66: 17.30% | AB66: 5213 | AC66: 3288 | AD66: 1548 | AE66: 524 | AF66: 114 | AG66: 14 | AH66: 2545 | AI66: 4412 | AJ66: 264 | AK66: 1209 | AL66: 52 | AM66: 28 | AN66: 1.22 | AO66: =AVERAGE(Tabla2[[#This Row],[total_kills]:[rating]]) -> 2650.35 | AP66: =VLOOKUP(Tabla2[[#This Row],[KPI]],$AS$2:$AT$5,2,1) -> Bajo
A67: 9255 | B67: draken | C67: William Sundin | D67: 26 | E67: Sweden | F67: Into the Breach | G67: Epsilon, NIP, Red Reserve | H67: 20957 | I67: 18273 | J67: 30.90% | K67: 74.6 | L67: 2.1 | M67: 1101 | N67: 29050 | O67: 0.72 | P67: 0.1 | Q67: 0.63 | R67: 0.08 | S67: 0.08 | T67: 14143 | U67: K - D diff. | V67: 3899 | W67: 2947 | X67: 1.32 | Y67: 1.17 | Z67: 75.00% | AA67: 19.40% | AB67: 14907 | AC67: 8995 | AD67: 3730 | AE67: 1184 | AF67: 220 | AG67: 14 | AH67: 3759 | AI67: 12023 | AJ67: 1056 | AK67: 3946 | AL67: 159 | AM67: 53 | AN67: 1.08 | AO67: =AVERAGE(Tabla2[[#This Row],[total_kills]:[rating]]) -> 7390.3158 | AP67: =VLOOKUP(Tabla2[[#This Row],[KPI]],$AS$2:$AT$5,2,1) -> Superior
A68: 10557 | B68: land1n | C68: Paulo Felipe | D68: 28 | E68: Brazil | F68: Los Grandes | G68: paiN, Wild, Case, BigGods | H68: 13563 | I68: 12364 | J68: 31.00% | K68: 69.7 | L68: 2.3 | M68: 771 | N68: 20177 | O68: 0.67 | P68: 0.11 | Q68: 0.61 | R68: 0.08 | S68: 0.09 | T68: 9310 | U68: K - D diff. | V68: 2343 | W68: 1737 | X68: 1.35 | Y68: 1.1 | Z68: 74.30% | AA68: 16.40% | AB68: 10867 | AC68: 6055 | AD68: 2423 | AE68: 682 | AF68: 134 | AG68: 16 | AH68: 2757 | AI68: 7755 | AJ68: 510 | AK68: 2413 | AL68: 101 | AM68: 54 | AN68: 1.03 | AO68: =AVERAGE(Tabla2[[#This Row],[total_kills]:[rating]]) -> 4949.0526 | AP68: =VLOOKUP(Tabla2[[#This Row],[KPI]],$AS$2:$AT$5,2,1) -> Alto
A69: 9174 | B69: HSK | C69: Hae-Sung Kim | D69: 27 | E69: Korea | F69: No team | G69: MVP PK, MVP Project, GOSU | H69: 9678 | I69: 8833 | J69: 31.10% | K69: 75.2 | L69: 4.5 | M69: 540 | N69: 13851 | O69: 0.7 | P69: 0.14 | Q69: 0.64 | R69: 0.12 | S69: 0.12 | T69: 6660 | U69: K - D diff. | V69: 1480 | W69: 1057 | X69: 1.4 | Y69: 1.07 | Z69: 76.60% | AA69: 15.50% | AB69: 7191 | AC69: 4344 | AD69: 1712 | AE69: 515 | AF69: 81 | AG69: 8 | AH69: 3834 | AI69: 3315 | AJ69: 470 | AK69: 1906 | AL69: 155 | AM69: 25 | AN69: 1.04 | AO69: =AVERAGE(Tabla2[[#This Row],[total_kills]:[rating]]) -> 3455.5263 | AP69: =VLOOKUP(Tabla2[[#This Row],[KPI]],$AS$2:$AT$5,2,1) -> Medio
A70: 7167 | B70: kennyS | C70: Kenny Schrub | D70: 27 | E70: France | F70: G2 | G70: G2, Envy, Titan | H70: 37067 | I70: 30736 | J70: 31.20% | K70: 74.7 | L70: 3.4 | M70: 1852 | N70: 48898 | O70: 0.76 | P70: 0.11 | Q70: 0.63 | R70: 0.09 | S70: 0.11 | T70: 24567 | U70: K - D diff. | V70: 5847 | W70: 3969 | X70: 1.47 | Y70: 1.13 | Z70: 76.50% | AA70: 17.50% | AB70: 24331 | AC70: 15241 | AD70: 6747 | AE70: 2120 | AF70: 412 | AG70: 47 | AH70: 8533 | AI70: 19544 | AJ70: 843 | AK70: 7423 | AL70: 707 | AM70: 80 | AN70: 1.13 | AO70: =AVERAGE(Tabla2[[#This Row],[total_kills]:[rating]]) -> 12577.053 | AP70: =VLOOKUP(Tabla2[[#This Row],[KPI]],$AS$2:$AT$5,2,1) -> Superior
A71: 10263 | B71: xccurate | C71: Kevin Susanto | D71: 24 | E71: Indonesia | F71: NKT | G71: TYLOO, Recca, BTRG, NKT | H71: 13334 | I71: 11610 | J71: 31.20% | K71: 74.2 | L71: 1.9 | M71: 698 | N71: 18113 | O71: 0.74 | P71: 0.1 | Q71: 0.64 | R71: 0.1 | S71: 0.1 | T71: 8857 | U71: K - D diff. | V71: 2102 | W71: 1535 | X71: 1.37 | Y71: 1.11 | Z71: 75.80% | AA71: 16.50% | AB71: 9256 | AC71: 5525 | AD71: 2381 | AE71: 774 | AF71: 160 | AG71: 17 | AH71: 3313 | AI71: 6969 | AJ71: 605 | AK71: 2367 | AL71: 86 | AM71: 20 | AN71: 1.09 | AO71: =AVERAGE(Tabla2[[#This Row],[total_kills]:[rating]]) -> 4616.9474 | AP71: =VLOOKUP(Tabla2[[#This Row],[KPI]],$AS$2:$AT$5,2,1) -> Medio
A72: 14602 | B72: Marcelious | C72: Ole Kristian Langan | D72: 23 | E72: Norway | F72: Oilers | G72: Apeks, 777, NOREG | H72: 9052 | I72: 8397 | J72: 31.20% | K72: 74.2 | L72: 3.2 | M72: 472 | N72: 12716 | O72: 0.71 | P72: 0.1 | Q72: 0.66 | R72: 0.1 | S72: 0.11 | T72: 6050 | U72: K - D diff. | V72: 1426 | W72: 1194 | X72: 1.19 | Y72: 1.07 | Z72: 74.10% | AA72: 16.70% | AB72: 6666 | AC72: 3819 | AD72: 1601 | AE72: 497 | AF72: 125 | AG72: 8 | AH72: 2402 | AI72: 4746 | AJ72: 267 | AK72: 1543 | AL72: 84 | AM72: 32 | AN72: 1.08 | AO72: =AVERAGE(Tabla2[[#This Row],[total_kills]:[rating]]) -> 3215.6316 | AP72: =VLOOKUP(Tabla2[[#This Row],[KPI]],$AS$2:$AT$5,2,1) -> Bajo
A73: 18227 | B73: SENSEi | C73: Dmitriy Shvorak | D73: 23 | E73: Ukraine | F73: Iron Branch | G73: CR4ZY, Project X, Akuma, Run or Die | H73: 9369 | I73: 6979 | J73: 31.30% | K73: 76.1 | L73: 2.7 | M73: 474 | N73: 12537 | O73: 0.75 | P73: 0.09 | Q73: 0.56 | R73: 0.07 | S73: 0.09 | T73: 6358 | U73: K - D diff. | V73: 1612 | W73: 812 | X73: 1.99 | Y73: 1.2 | Z73: 74.40% | AA73: 19.10% | AB73: 6179 | AC73: 4062 | AD73: 1715 | AE73: 461 | AF73: 106 | AG73: 14 | AH73: 2118 | AI73: 5533 | AJ73: 202 | AK73: 1440 | AL73: 73 | AM73: 28 | AN73: 1.21 | AO73: =AVERAGE(Tabla2[[#This Row],[total_kills]:[rating]]) -> 3161.6842 | AP73: =VLOOKUP(Tabla2[[#This Row],[KPI]],$AS$2:$AT$5,2,1) -> Bajo
A74: 8543 | B74: NEEX | C74: Sebastian Trela | D74: 25 | E74: Poland | F74: No team | G74: Izako Boars, ESC | H74: 8076 | I74: 7502 | J74: 31.30% | K74: 71.5 | L74: 1.6 | M74: 429 | N74: 11195 | O74: 0.72 | P74: 0.09 | Q74: 0.67 | R74: 0.08 | S74: 0.1 | T74: 5421 | U74: K - D diff. | V74: 1319 | W74: 880 | X74: 1.5 | Y74: 1.12 | Z74: 76.70% | AA74: 18.60% | AB74: 5774 | AC74: 3391 | AD74: 1503 | AE74: 436 | AF74: 84 | AG74: 7 | AH74: 2545 | AI74: 3905 | AJ74: 181 | AK74: 1393 | AL74: 51 | AM74: 10 | AN74: 1.05 | AO74: =AVERAGE(Tabla2[[#This Row],[total_kills]:[rating]]) -> 2847.4737 | AP74: =VLOOKUP(Tabla2[[#This Row],[KPI]],$AS$2:$AT$5,2,1) -> Bajo
A75: 13466 | B75: dennyslaw | C75: Denislav Dimitrov | D75: 22 | E75: Bulgaria | F75: SKADE | G75: SKADE | H75: 23081 | I75: 20130 | J75: 31.40% | K75: 74.9 | L75: 2.9 | M75: 1173 | N75: 31580 | O75: 0.73 | P75: 0.1 | Q75: 0.64 | R75: 0.08 | S75: 0.1 | T75: 15427 | U75: K - D diff. | V75: 3935 | W75: 2767 | X75: 1.42 | Y75: 1.14 | Z75: 75.00% | AA75: 18.10% | AB75: 16153 | AC75: 9623 | AD75: 4269 | AE75: 1251 | AF75: 253 | AG75: 31 | AH75: 7579 | AI75: 11496 | AJ75: 588 | AK75: 3244 | AL75: 187 | AM75: 61 | AN75: 1.12 | AO75: =AVERAGE(Tabla2[[#This Row],[total_kills]:[rating]]) -> 8043.5789 | AP75: =VLOOKUP(Tabla2[[#This Row],[KPI]],$AS$2:$AT$5,2,1) -> Superior
A76: 13273 | B76: Ace | C76: Brandon Winn | D76: 27 | E76: United States | F76: No team | G76: Rise Nation, eUnited | H76: 7922 | I76: 7352 | J76: 31.40% | K76: 68.5 | L76: 2.3 | M76: 456 | N76: 11866 | O76: 0.67 | P76: 0.1 | Q76: 0.62 | R76: 0.09 | S76: 0.1 | T76: 5487 | U76: K - D diff. | V76: 1353 | W76: 1031 | X76: 1.31 | Y76: 1.09 | Z76: 74.80% | AA76: 16.10% | AB76: 6379 | AC76: 3604 | AD76: 1406 | AE76: 406 | AF76: 67 | AG76: 4 | AH76: 1508 | AI76: 4241 | AJ76: 498 | AK76: 1601 | AL76: 80 | AM76: 7 | AN76: 1.06 | AO76: =AVERAGE(Tabla2[[#This Row],[total_kills]:[rating]]) -> 2908.8421 | AP76: =VLOOKUP(Tabla2[[#This Row],[KPI]],$AS$2:$AT$5,2,1) -> Bajo
A77: 12591 | B77: sterling | C77: Euan Moore | D77: 24 | E77: New Zealand | F77: Encore | G77: AVANT, Looking For Org, Dire Wolves | H77: 17063 | I77: 13103 | J77: 31.60% | K77: 78.1 | L77: 4 | M77: 861 | N77: 22023 | O77: 0.77 | P77: 0.1 | Q77: 0.59 | R77: 0.08 | S77: 0.11 | T77: 11405 | U77: K - D diff. | V77: 2599 | W77: 1390 | X77: 1.87 | Y77: 1.15 | Z77: 77.70% | AA77: 17.00% | AB77: 10618 | AC77: 7146 | AD77: 3098 | AE77: 945 | AF77: 194 | AG77: 22 | AH77: 5037 | AI77: 8539 | AJ77: 437 | AK77: 2848 | AL77: 198 | AM77: 41 | AN77: 1.2 | AO77: =AVERAGE(Tabla2[[#This Row],[total_kills]:[rating]]) -> 5378.55 | AP77: =VLOOKUP(Tabla2[[#This Row],[KPI]],$AS$2:$AT$5,2,1) -> Alto
A78: 13602 | B78: nicoodoz | C78: Nico Tamjidi | D78: 21 | E78: Denmark | F78: fnatic | G78: Copenhagen Flames | H78: 13844 | I78: 12020 | J78: 31.60% | K78: 71.7 | L78: 3.2 | M78: 727 | N78: 19522 | O78: 0.71 | P78: 0.08 | Q78: 0.62 | R78: 0.09 | S78: 0.1 | T78: 9445 | U78: K - D diff. | V78: 2238 | W78: 1384 | X78: 1.62 | Y78: 1.12 | Z78: 75.10% | AA78: 16.80% | AB78: 10077 | AC78: 6123 | AD78: 2411 | AE78: 757 | AF78: 142 | AG78: 12 | AH78: 3419 | AI78: 7679 | AJ78: 172 | AK78: 2459 | AL78: 128 | AM78: 43 | AN78: 1.1 | AO78: =AVERAGE(Tabla2[[#This Row],[total_kills]:[rating]]) -> 4873.7895 | AP78: =VLOOKUP(Tabla2[[#This Row],[KPI]],$AS$2:$AT$5,2,1) -> Alto
A79: 9416 | B79: obj | C79: Francisco Ramos | D79: 26 | E79: Portugal | F79: Fourteen | G79: OFFSET, eXploit, Giants, AlienTech | H79: 7278 | I79: 6855 | J79: 31.60% | K79: 69.9 | L79: 2.9 | M79: 418 | N79: 10936 | O79: 0.67 | P79: 0.11 | Q79: 0.63 | R79: 0.09 | S79: 0.09 | T79: 5038 | U79: K - D diff. | V79: 1170 | W79: 869 | X79: 1.35 | Y79: 1.07 | Z79: 74.70% | AA79: 16.10% | AB79: 5898 | AC79: 3309 | AD79: 1295 | AE79: 362 | AF79: 67 | AG79: 5 | AH79: 2306 | AI79: 3391 | AJ79: 256 | AK79: 1272 | AL79: 62 | AM79: 19 | AN79: 1.01 | AO79: =AVERAGE(Tabla2[[#This Row],[total_kills]:[rating]]) -> 2674 | AP79: =VLOOKUP(Tabla2[[#This Row],[KPI]],$AS$2:$AT$5,2,1) -> Bajo
A80: 13249 | B80: oSee | C80: Josh Ohm | D80: 23 | E80: United States | F80: Liquid | G80: Extra Salt, Singularity, Cloud9 | H80: 21303 | I80: 17903 | J80: 31.70% | K80: 76.5 | L80: 2.9 | M80: 1103 | N80: 28680 | O80: 0.74 | P80: 0.11 | Q80: 0.62 | R80: 0.11 | S80: 0.12 | T80: 14323 | U80: K - D diff. | V80: 3355 | W80: 2407 | X80: 1.39 | Y80: 1.11 | Z80: 75.50% | AA80: 16.50% | AB80: 14357 | AC80: 9043 | AD80: 3866 | AE80: 1146 | AF80: 250 | AG80: 18 | AH80: 7051 | AI80: 10272 | AJ80: 391 | AK80: 3442 | AL80: 173 | AM80: 35 | AN80: 1.15 | AO80: =AVERAGE(Tabla2[[#This Row],[total_kills]:[rating]]) -> 7322 | AP80: =VLOOKUP(Tabla2[[#This Row],[KPI]],$AS$2:$AT$5,2,1) -> Superior
A81: 15090 | B81: PwnAlone | C81: Josh Pigue | D81: 31 | E81: United States | F81: EG.PA | G81: Party Astronauts, New England Whalers, High Coast | H81: 17405 | I81: 15140 | J81: 31.70% | K81: 76.2 | L81: 3.4 | M81: 918 | N81: 23924 | O81: 0.73 | P81: 0.12 | Q81: 0.63 | R81: 0.1 | S81: 0.1 | T81: 11606 | U81: K - D diff. | V81: 2928 | W81: 2298 | X81: 1.27 | Y81: 1.12 | Z81: 73.70% | AA81: 17.40% | AB81: 12318 | AC81: 7279 | AD81: 3143 | AE81: 938 | AF81: 204 | AG81: 42 | AH81: 4610 | AI81: 8162 | AJ81: 846 | AK81: 3364 | AL81: 194 | AM81: 284 | AN81: 1.14 | AO81: =AVERAGE(Tabla2[[#This Row],[total_kills]:[rating]]) -> 6084.3684 | AP81: =VLOOKUP(Tabla2[[#This Row],[KPI]],$AS$2:$AT$5,2,1) -> Alto
A82: 14087 | B82: Jamppi | C82: Elias Olkkonen | D82: 21 | E82: Finland | F82: No team | G82: SJ, ENCE | H82: 10302 | I82: 8894 | J82: 31.80% | K82: 78.2 | L82: 2.8 | M82: 503 | N82: 13449 | O82: 0.77 | P82: 0.1 | Q82: 0.66 | R82: 0.08 | S82: 0.09 | T82: 6747 | U82: K - D diff. | V82: 2050 | W82: 1538 | X82: 1.33 | Y82: 1.24 | Z82: 72.50% | AA82: 22.20% | AB82: 6702 | AC82: 4128 | AD82: 1826 | AE82: 658 | AF82: 127 | AG82: 8 | AH82: 2872 | AI82: 5073 | AJ82: 421 | AK82: 1835 | AL82: 83 | AM82: 46 | AN82: 1.15 | AO82: =AVERAGE(Tabla2[[#This Row],[total_kills]:[rating]]) -> 3540.1053 | AP82: =VLOOKUP(Tabla2[[#This Row],[KPI]],$AS$2:$AT$5,2,1) -> Medio
A83: 14171 | B83: rAge | C83: Dmitry Bolotov | D83: 25 | E83: Ukraine | F83: No team | G83: Hard Legion, Windigo Academy | H83: 6850 | I83: 6166 | J83: 31.80% | K83: 71.2 | L83: 4.5 | M83: 382 | N83: 10184 | O83: 0.67 | P83: 0.1 | Q83: 0.61 | R83: 0.07 | S83: 0.09 | T83: 4767 | U83: K - D diff. | V83: 1105 | W83: 774 | X83: 1.43 | Y83: 1.08 | Z83: 73.40% | AA83: 16.20% | AB83: 5417 | AC83: 3154 | AD83: 1206 | AE83: 346 | AF83: 59 | AG83: 2 | AH83: 1733 | AI83: 3560 | AJ83: 164 | AK83: 1273 | AL83: 118 | AM83: 33 | AN83: 1.07 | AO83: =AVERAGE(Tabla2[[#This Row],[total_kills]:[rating]]) -> 2489.1053 | AP83: =VLOOKUP(Tabla2[[#This Row],[KPI]],$AS$2:$AT$5,2,1) -> Bajo
A84: 9686 | B84: Gratisfaction | C84: Sean Kaiwai | D84: 26 | E84: New Zealand | F84: EXTREMUM | G84: Grayhound, Renegades, 100 Thieves, Immunity, EXTREMUM | H84: 16191 | I84: 14502 | J84: 31.90% | K84: 73.2 | L84: 3.3 | M84: 897 | N84: 23347 | O84: 0.69 | P84: 0.12 | Q84: 0.62 | R84: 0.1 | S84: 0.1 | T84: 10996 | U84: K - D diff. | V84: 2957 | W84: 2250 | X84: 1.31 | Y84: 1.14 | Z84: 74.50% | AA84: 17.70% | AB84: 12351 | AC84: 7054 | AD84: 2890 | AE84: 870 | AF84: 163 | AG84: 19 | AH84: 4576 | AI84: 8064 | AJ84: 592 | AK84: 2785 | AL84: 166 | AM84: 49 | AN84: 1.05 | AO84: =AVERAGE(Tabla2[[#This Row],[total_kills]:[rating]]) -> 5827.3158 | AP84: =VLOOKUP(Tabla2[[#This Row],[KPI]],$AS$2:$AT$5,2,1) -> Alto
A85: 12877 | B85: chelleos | C85: Michael Hawkins | D85: 22 | E85: New Zealand | F85: No team | G85: Rooster, madlikewizards, Paradox | H85: 11270 | I85: 9818 | J85: 32.00% | K85: 84.2 | L85: 4.1 | M85: 560 | N85: 14454 | O85: 0.78 | P85: 0.13 | Q85: 0.68 | R85: 0.1 | S85: 0.09 | T85: 7347 | U85: K - D diff. | V85: 2574 | W85: 2036 | X85: 1.26 | Y85: 1.32 | Z85: 72.30% | AA85: 24.80% | AB85: 7107 | AC85: 4471 | AD85: 2021 | AE85: 679 | AF85: 160 | AG85: 16 | AH85: 3548 | AI85: 5692 | AJ85: 260 | AK85: 1601 | AL85: 160 | AM85: 35 | AN85: 1.2 | AO85: =AVERAGE(Tabla2[[#This Row],[total_kills]:[rating]]) -> 3884.6842 | AP85: =VLOOKUP(Tabla2[[#This Row],[KPI]],$AS$2:$AT$5,2,1) -> Medio
A86: 8574 | B86: woxic | C86: Ã–zgÃ¼r Eker | D86: 23 | E86: Turkey | F86: Eternal Fire | G86: Eternal Fire, HellRaisers, MOUZ, DarkPassage | H86: 22815 | I86: 18947 | J86: 32.10% | K86: 76.4 | L86: 2.4 | M86: 1178 | N86: 30952 | O86: 0.74 | P86: 0.11 | Q86: 0.61 | R86: 0.08 | S86: 0.1 | T86: 15130 | U86: K - D diff. | V86: 3693 | W86: 2485 | X86: 1.49 | Y86: 1.13 | Z86: 76.10% | AA86: 17.30% | AB86: 15822 | AC86: 9398 | AD86: 4130 | AE86: 1287 | AF86: 279 | AG86: 36 | AH86: 6232 | AI86: 12438 | AJ86: 462 | AK86: 3472 | AL86: 214 | AM86: 84 | AN86: 1.12 | AO86: =AVERAGE(Tabla2[[#This Row],[total_kills]:[rating]]) -> 7844.9474 | AP86: =VLOOKUP(Tabla2[[#This Row],[KPI]],$AS$2:$AT$5,2,1) -> Superior
A87: 629 | B87: fox | C87: Ricardo Pacheco | D87: 35 | E87: Portugal | F87: Fourteen | G87: Giants, k1ck, Kinguin, OFFSET | H87: 19461 | I87: 18938 | J87: 32.10% | K87: 75.5 | L87: 3.2 | M87: 1058 | N87: 27636 | O87: 0.7 | P87: 0.13 | Q87: 0.69 | R87: 0.1 | S87: 0.09 | T87: 13085 | U87: K - D diff. | V87: 3965 | W87: 3470 | X87: 1.14 | Y87: 1.17 | Z87: 72.50% | AA87: 21.10% | AB87: 14551 | AC87: 8281 | AD87: 3501 | AE87: 1074 | AF87: 211 | AG87: 18 | AH87: 7300 | AI87: 7778 | AJ87: 682 | AK87: 3509 | AL87: 201 | AM87: 28 | AN87: 1.02 | AO87: =AVERAGE(Tabla2[[#This Row],[total_kills]:[rating]]) -> 7091.9474 | AP87: =VLOOKUP(Tabla2[[#This Row],[KPI]],$AS$2:$AT$5,2,1) -> Superior
A88: 8576 | B88: ZOREE | C88: Lasse Uronen | D88: 28 | E88: Finland | F88: temp | G88: HAVU, iGame.com, SJ | H88: 31855 | I88: 27425 | J88: 32.30% | K88: 73.7 | L88: 3.7 | M88: 1661 | N88: 44157 | O88: 0.72 | P88: 0.1 | Q88: 0.62 | R88: 0.08 | S88: 0.1 | T88: 21438 | U88: K - D diff. | V88: 4748 | W88: 3508 | X88: 1.35 | Y88: 1.07 | Z88: 74.30% | AA88: 15.50% | AB88: 22719 | AC88: 13573 | AD88: 5715 | AE88: 1777 | AF88: 344 | AG88: 29 | AH88: 9260 | AI88: 15053 | AJ88: 1601 | AK88: 5526 | AL88: 328 | AM88: 141 | AN88: 1.09 | AO88: =AVERAGE(Tabla2[[#This Row],[total_kills]:[rating]]) -> 11097.789 | AP88: =VLOOKUP(Tabla2[[#This Row],[KPI]],$AS$2:$AT$5,2,1) -> Superior
A89: 15007 | B89: Cooper | C89: Austin Abadir | D89: 28 | E89: United States | F89: Mythic | G89: Swole Patrol, eUnited, Triumph | H89: 14703 | I89: 12697 | J89: 32.40% | K89: 74 | L89: 2.2 | M89: 771 | N89: 19991 | O89: 0.74 | P89: 0.09 | Q89: 0.64 | R89: 0.09 | S89: 0.1 | T89: 9890 | U89: K - D diff. | V89: 2420 | W89: 1820 | X89: 1.33 | Y89: 1.12 | Z89: 75.10% | AA89: 17.30% | AB89: 10101 | AC89: 6220 | AD89: 2695 | AE89: 819 | AF89: 144 | AG89: 12 | AH89: 4855 | AI89: 6855 | AJ89: 504 | AK89: 2381 | AL89: 89 | AM89: 44 | AN89: 1.12 | AO89: =AVERAGE(Tabla2[[#This Row],[total_kills]:[rating]]) -> 4854.25 | AP89: =VLOOKUP(Tabla2[[#This Row],[KPI]],$AS$2:$AT$5,2,1) -> Alto
A90: 8124 | B90: DavCost | C90: Vadim Vasilyev | D90: 26 | E90: Russia | F90: INDE IRAE | G90: INDE IRAE, Spirit, 1WIN | H90: 23631 | I90: 21705 | J90: 32.40% | K90: 73.8 | L90: 3.2 | M90: 1279 | N90: 33713 | O90: 0.7 | P90: 0.12 | Q90: 0.64 | R90: 0.09 | S90: 0.09 | T90: 16050 | U90: K - D diff. | V90: 3711 | W90: 2752 | X90: 1.35 | Y90: 1.08 | Z90: 74.30% | AA90: 16.10% | AB90: 17663 | AC90: 10292 | AD90: 4253 | AE90: 1219 | AF90: 258 | AG90: 28 | AH90: 5078 | AI90: 11946 | AJ90: 1134 | AK90: 5142 | AL90: 290 | AM90: 78 | AN90: 1.04 | AO90: =AVERAGE(Tabla2[[#This Row],[total_kills]:[rating]]) -> 8432.7368 | AP90: =VLOOKUP(Tabla2[[#This Row],[KPI]],$AS$2:$AT$5,2,1) -> Superior
A91: 9895 | B91: mertz | C91: Daniel Mertz | D91: 23 | E91: Denmark | F91: No team | G91: North Academy, Heroic, North, Nordavind, Singularity | H91: 19077 | I91: 16483 | J91: 32.50% | K91: 77.4 | L91: 2.4 | M91: 955 | N91: 25333 | O91: 0.75 | P91: 0.1 | Q91: 0.65 | R91: 0.1 | S91: 0.1 | T91: 12723 | U91: K - D diff. | V91: 3710 | W91: 2616 | X91: 1.42 | Y91: 1.23 | Z91: 74.10% | AA91: 21.20% | AB91: 12610 | AC91: 7947 | AD91: 3448 | AE91: 1096 | AF91: 214 | AG91: 18 | AH91: 3881 | AI91: 10977 | AJ91: 630 | AK91: 3478 | AL91: 142 | AM91: 35 | AN91: 1.1 | AO91: =AVERAGE(Tabla2[[#This Row],[total_kills]:[rating]]) -> 6598.5789 | AP91: =VLOOKUP(Tabla2[[#This Row],[KPI]],$AS$2:$AT$5,2,1) -> Alto
A92: 8396 | B92: BENDJI | C92: Benjamin SÃ¶derena | D92: 26 | E92: Sweden | F92: Deportivo | G92: Singularity, DenDD | H92: 16055 | I92: 15918 | J92: 32.50% | K92: 75.4 | L92: 5.3 | M92: 878 | N92: 23318 | O92: 0.69 | P92: 0.14 | Q92: 0.68 | R92: 0.1 | S92: 0.1 | T92: 10999 | U92: K - D diff. | V92: 2352 | W92: 2005 | X92: 1.17 | Y92: 1.03 | Z92: 74.70% | AA92: 15.20% | AB92: 12319 | AC92: 7080 | AD92: 2953 | AE92: 811 | AF92: 144 | AG92: 11 | AH92: 6621 | AI92: 5144 | AJ92: 729 | AK92: 3233 | AL92: 340 | AM92: 10 | AN92: 0.99 | AO92: =AVERAGE(Tabla2[[#This Row],[total_kills]:[rating]]) -> 5837.8947 | AP92: =VLOOKUP(Tabla2[[#This Row],[KPI]],$AS$2:$AT$5,2,1) -> Alto
A93: 5736 | B93: kNgV- | C93: Vito Giuseppe | D93: 29 | E93: Brazil | F93: No team | G93: MIBR, INTZ | H93: 16548 | I93: 14142 | J93: 32.70% | K93: 78.5 | L93: 2.1 | M93: 827 | N93: 21606 | O93: 0.77 | P93: 0.1 | Q93: 0.65 | R93: 0.08 | S93: 0.09 | T93: 10956 | U93: K - D diff. | V93: 2929 | W93: 2200 | X93: 1.33 | Y93: 1.17 | Z93: 74.60% | AA93: 19.40% | AB93: 10650 | AC93: 6792 | AD93: 2989 | AE93: 945 | AF93: 207 | AG93: 23 | AH93: 5082 | AI93: 7983 | AJ93: 732 | AK93: 2586 | AL93: 142 | AM93: 48 | AN93: 1.12 | AO93: =AVERAGE(Tabla2[[#This Row],[total_kills]:[rating]]) -> 5651.9474 | AP93: =VLOOKUP(Tabla2[[#This Row],[KPI]],$AS$2:$AT$5,2,1) -> Alto
A94: 15565 | B94: Spargo | C94: Jarkko Rahja | D94: 21 | E94: Finland | F94: HAVU | G94: KOVA, hREDS | H94: 8415 | I94: 8026 | J94: 32.90% | K94: 70.4 | L94: 2.3 | M94: 448 | N94: 12107 | O94: 0.7 | P94: 0.09 | Q94: 0.66 | R94: 0.09 | S94: 0.09 | T94: 5678 | U94: K - D diff. | V94: 1527 | W94: 1216 | X94: 1.26 | Y94: 1.13 | Z94: 71.10% | AA94: 18.60% | AB94: 6429 | AC94: 3641 | AD94: 1449 | AE94: 484 | AF94: 96 | AG94: 8 | AH94: 2149 | AI94: 4521 | AJ94: 226 | AK94: 1448 | AL94: 63 | AM94: 36 | AN94: 1.05 | AO94: =AVERAGE(Tabla2[[#This Row],[total_kills]:[rating]]) -> 3050.8947 | AP94: =VLOOKUP(Tabla2[[#This Row],[KPI]],$AS$2:$AT$5,2,1) -> Bajo
A95: 8848 | B95: Ryxxo | C95: Thomas Nielsen | D95: 25 | E95: Denmark | F95: Sashi | G95: Tricked, Singularity | H95: 15855 | I95: 13957 | J95: 33.10% | K95: 76.1 | L95: 6.3 | M95: 841 | N95: 22116 | O95: 0.72 | P95: 0.12 | Q95: 0.63 | R95: 0.09 | S95: 0.1 | T95: 10637 | U95: K - D diff. | V95: 2445 | W95: 1817 | X95: 1.35 | Y95: 1.08 | Z95: 73.90% | AA95: 16.30% | AB95: 11479 | AC95: 6701 | AD95: 2845 | AE95: 916 | AF95: 160 | AG95: 15 | AH95: 4026 | AI95: 7747 | AJ95: 917 | AK95: 2840 | AL95: 333 | AM95: 28 | AN95: 1.08 | AO95: =AVERAGE(Tabla2[[#This Row],[total_kills]:[rating]]) -> 5561.8421 | AP95: =VLOOKUP(Tabla2[[#This Row],[KPI]],$AS$2:$AT$5,2,1) -> Alto
A96: 8526 | B96: smike | C96: Sergey Sklyarenko | D96: 24 | E96: Ukraine | F96: spray'n'pray | G96: spray'n'pray, pro100, ACG, eXplosive, k1ck | H96: 9299 | I96: 8644 | J96: 33.10% | K96: 75.6 | L96: 1.4 | M96: 480 | N96: 12461 | O96: 0.75 | P96: 0.1 | Q96: 0.69 | R96: 0.09 | S96: 0.08 | T96: 6095 | U96: K - D diff. | V96: 1897 | W96: 1490 | X96: 1.27 | Y96: 1.23 | Z96: 75.00% | AA96: 23.10% | AB96: 6366 | AC96: 3757 | AD96: 1616 | AE96: 592 | AF96: 116 | AG96: 14 | AH96: 2091 | AI96: 4861 | AJ96: 377 | AK96: 1927 | AL96: 41 | AM96: 22 | AN96: 1.07 | AO96: =AVERAGE(Tabla2[[#This Row],[total_kills]:[rating]]) -> 3270.8421 | AP96: =VLOOKUP(Tabla2[[#This Row],[KPI]],$AS$2:$AT$5,2,1) -> Bajo
A97: 4576 | B97: dEE | C97: MiloÅ¡ MarÄeta | D97: 26 | E97: Serbia | F97: KTRL | G97: lvlUP, 4glory, Juggernauts, BLUEJAYS | H97: 8385 | I97: 7808 | J97: 33.10% | K97: 72.6 | L97: 2.9 | M97: 449 | N97: 11891 | O97: 0.71 | P97: 0.1 | Q97: 0.66 | R97: 0.09 | S97: 0.1 | T97: 5715 | U97: K - D diff. | V97: 1333 | W97: 1047 | X97: 1.27 | Y97: 1.08 | Z97: 71.60% | AA97: 16.50% | AB97: 6176 | AC97: 3662 | AD97: 1528 | AE97: 443 | AF97: 72 | AG97: 10 | AH97: 2086 | AI97: 4246 | AJ97: 512 | AK97: 1468 | AL97: 72 | AM97: 33 | AN97: 1.07 | AO97: =AVERAGE(Tabla2[[#This Row],[total_kills]:[rating]]) -> 2996.6316 | AP97: =VLOOKUP(Tabla2[[#This Row],[KPI]],$AS$2:$AT$5,2,1) -> Bajo
A98: 15501 | B98: b0denmaster | C98: Jonathan Bodenmalm | D98: 24 | E98: Sweden | F98: ATK | G98: ATK, Lilmix | H98: 9950 | I98: 9399 | J98: 33.40% | K98: 73.6 | L98: 4.8 | M98: 542 | N98: 14478 | O98: 0.69 | P98: 0.11 | Q98: 0.65 | R98: 0.09 | S98: 0.08 | T98: 6750 | U98: K - D diff. | V98: 1892 | W98: 1548 | X98: 1.22 | Y98: 1.14 | Z98: 72.90% | AA98: 19.20% | AB98: 7728 | AC98: 4315 | AD98: 1798 | AE98: 520 | AF98: 106 | AG98: 11 | AH98: 3034 | AI98: 4937 | AJ98: 314 | AK98: 1494 | AL98: 131 | AM98: 69 | AN98: 1.08 | AO98: =AVERAGE(Tabla2[[#This Row],[total_kills]:[rating]]) -> 3632.4211 | AP98: =VLOOKUP(Tabla2[[#This Row],[KPI]],$AS$2:$AT$5,2,1) -> Medio
A99: 973 | B99: SZPERO | C99: Grzegorz DziamaÅ‚ek | D99: 31 | E99: Poland | F99: No team | G99: Wisla Krakow, Kinguin, AGO | H99: 36985 | I99: 36135 | J99: 33.40% | K99: 72.5 | L99: 3.4 | M99: 2058 | N99: 54420 | O99: 0.68 | P99: 0.12 | Q99: 0.66 | R99: 0.07 | S99: 0.07 | T99: 25423 | U99: K - D diff. | V99: 6407 | W99: 5753 | X99: 1.11 | Y99: 1.08 | Z99: 74.20% | AA99: 17.10% | AB99: 28997 | AC99: 16587 | AD99: 6530 | AE99: 1924 | AF99: 358 | AG99: 24 | AH99: 13721 | AI99: 14286 | AJ99: 1747 | AK99: 6492 | AL99: 525 | AM99: 291 | AN99: 1 | AO99: =AVERAGE(Tabla2[[#This Row],[total_kills]:[rating]]) -> 12933.2 | AP99: =VLOOKUP(Tabla2[[#This Row],[KPI]],$AS$2:$AT$5,2,1) -> Superior
A100: 16487 | B100: eraa | C100: Sean Knutsson | D100: 20 | E100: Sweden | F100: Young Ninjas | G100: GamerLegion | H100: 11072 | I100: 10401 | J100: 33.50% | K100: 73.3 | L100: 3.4 | M100: 579 | N100: 15674 | O100: 0.71 | P100: 0.1 | Q100: 0.66 | R100: 0.08 | S100: 0.09 | T100: 7495 | U100: K - D diff. | V100: 1832 | W100: 1524 | X100: 1.2 | Y100: 1.09 | Z100: 71.60% | AA100: 16.80% | AB100: 8179 | AC100: 4783 | AD100: 2001 | AE100: 568 | AF100: 132 | AG100: 11 | AH100: 3661 | AI100: 5245 | AJ100: 264 | AK100: 1785 | AL100: 121 | AM100: 35 | AN100: 1.06 | AO100: =AVERAGE(Tabla2[[#This Row],[total_kills]:[rating]]) -> 3966.4211 | AP100: =VLOOKUP(Tabla2[[#This Row],[KPI]],$AS$2:$AT$5,2,1) -> Medio
...
